"名称","種別","所在地","新指定年月日"
"手宮洞窟","史跡","北海道小樽＊市",21/03/03
"阿寒湖のマリモ","特別天然記念物","北海道阿寒町",21/03/03
"後方羊蹄山の高山植物帯","天然記念物","北海道倶知安町・他",21/03/03
"野幌原始林","特別天然記念物","北海道北広島市",21/03/03
"円山原始林","天然記念物","北海道札幌市中央区",21/03/03
"藻岩原始林","天然記念物","北海道札幌市南区",21/03/03
"五稜郭跡","特別史跡","北海道函館市",22/10/12
"ヒノキアスナロおよびアオトドマツ自生地","天然記念物","北海道江差町",22/10/12
"霧多布泥炭形成植物群落","天然記念物","北海道浜中町",22/10/12
"登別原始林","天然記念物","北海道登別市",24/12/09
"鶉川ゴヨウマツ自生北限地帯","天然記念物","北海道厚沢部町",28/02/07
"オオミズナギドリ繁殖地","天然記念物","北海道松前町",28/03/24
"歌才ブナ自生北限地帯","天然記念物","北海道黒松内町",28/10/22
"四稜郭","史跡","北海道函館市",34/01/22
"東蝦夷地南部藩陣屋跡　モロラン陣屋跡　ヲシャマンベ陣屋跡　砂原陣屋跡","史跡","北海道室蘭市",34/05/01
"志苔館跡","史跡","北海道函館市",34/08/09
"福山城","史跡","北海道松前町",35/06/07
"モシリヤ砦跡","史跡","北海道釧路市",35/12/24
"鶴ヶ岱チャランケ砦跡","史跡","北海道釧路市",35/12/24
"桂ヶ岡砦跡","史跡","北海道網走市",35/12/24
"春採台地竪穴群","史跡","北海道釧路市",35/12/24
"最寄貝塚","史跡","北海道網走市",36/12/16
"春採湖ヒブナ生息地","天然記念物","北海道釧路市",37/12/21
"天売島海鳥繁殖地","天然記念物","北海道羽幌町",38/08/08
"天都山","名勝","北海道網走市",38/12/14
"アポイ岳高山植物群落","特別天然記念物","北海道様似町",39/09/07
"名寄鈴石","天然記念物","北海道名寄市",39/09/07
"名寄高師小僧","天然記念物","北海道名寄市",39/09/07
"根室車石","天然記念物","北海道根室市",39/09/07
"落石岬のサカイツツジ自生地","天然記念物","北海道根室市",40/02/10
"幌満ゴヨウマツ自生地","天然記念物","北海道様似町",43/08/24
"和琴ミンミンゼミ発生地","天然記念物","北海道弟子屈町",51/06/09
"昭和新山","特別天然記念物","北海道壮瞥町",51/06/09
"大黒島海鳥繁殖地","天然記念物","北海道厚岸町",51/06/09
"フゴッペ洞窟","史跡","北海道余市町",53/11/14
"音江環状列石","史跡","北海道深川市",56/12/28
"忍路環状列石","史跡","北海道小樽＊市",61/03/10
"松前藩戸切地陣屋跡","史跡","北海道上磯町",65/03/18
"白老仙台藩陣屋跡","史跡","北海道白老町",66/03/03
"釧路湿原","天然記念物","北海道標茶町・鶴居村・釧路町",67/07/06
"開拓使札幌本庁本庁舎跡および旧北海道庁本庁舎","史跡","北海道札幌市中央区",67/12/15
"東釧路貝塚","史跡","北海道釧路市",70/07/22
"沙流川源流原始林","天然記念物","北海道日高町",70/12/04
"大雪山","特別天然記念物","北海道上川町・東川町・美瑛町・新得町",71/04/23
"女満別湿生植物群落","天然記念物","北海道女満別町",72/06/14
"松前小島","天然記念物","北海道松前町",72/12/12
"旧下ヨイチ運上家","史跡","北海道余市町",73/07/31
"国泰寺跡","史跡","北海道厚岸町",73/10/29
"常呂遺跡","史跡","北海道常呂町",74/03/12
"善光寺跡","史跡","北海道伊達市",74/05/23
"標津遺跡群　伊茶仁カリカリウス遺跡 古道遺跡 三本木遺跡","史跡","北海道標津町",76/06/21
"西月ヶ岡遺跡","史跡","北海道根室市",76/08/28
"大館跡","史跡","北海道松前町",77/04/05
"上之国勝山館跡","史跡","北海道上ノ国町",77/04/12
"上之国花沢館跡","史跡","北海道上ノ国町",77/04/12
"北斗遺跡","史跡","北海道釧路市",77/07/14
"エゾミカサリュウ化石","天然記念物","北海道三笠市",77/07/16
"ウサクマイ遺跡群","史跡","北海道千歳市",79/05/23
"標津湿原","天然記念物","北海道標津町",79/08/07
"キウス周堤墓群","史跡","北海道千歳市",79/10/23
"オタフンベチャシ跡","史跡","北海道浦幌町",81/08/29
"松前藩主松前家墓所","史跡","北海道松前町",81/11/21
"旧余市福原漁場","史跡","北海道余市町",82/02/12
"琴似屯田兵村兵屋跡","史跡","北海道札幌市西区",82/05/07
"茂別館跡","史跡","北海道上磯町",82/07/03
"根室半島チャシ跡群","史跡","北海道根室市",83/04/26
"焼尻の自然林","天然記念物","北海道羽幌町",83/08/30
"旧島松駅逓所","史跡","北海道北広島市",84/07/25
"静川遺跡","史跡","北海道苫小牧市",87/01/08
"ユクエピラチャシ跡","史跡","北海道陸別町",87/09/08
"北黄金貝塚","史跡","北海道伊達市",87/12/25
"入江貝塚","史跡","北海道虻田町",88/05/13
"荘内藩ハママシケ陣屋跡","史跡","北海道浜益村",88/05/17
"白滝遺跡群","史跡","北海道白滝村",89/01/09
"ピリカ遺跡","史跡","北海道今金町",94/04/26
"夕張岳の高山植物群落及び蛇紋岩メランジュ帯","天然記念物","北海道夕張市・南富良野町",96/06/19
"旧留萌佐賀家漁場","史跡","北海道留萌市",97/03/11
"シベチャリ川流域チャシ跡群及びアッペツチャシ跡","史跡","北海道静内町・門別町",97/12/02
"江別古墳群","史跡","北海道江別市",98/09/11
"オンネトー湯の滝マンガン酸化物生成地","天然記念物","北海道足寄町",00/09/06
"大谷地貝塚","史跡","北海道余市町",00/11/20
"旧岩船氏庭園（香雪園）","名勝","北海道函館市",01/08/13
"大船遺跡","史跡","北海道南茅部町",01/08/13
"蕪島ウミネコ繁殖地","天然記念物","青森県八戸市",22/03/08
"小湊のハクチョウおよびその渡来地","特別天然記念物","青森県平内町",22/03/08
"法量のイチョウ","天然記念物","青森県十和田湖町",26/10/20
"種差海岸","名勝","青森県八戸市",37/12/21
"浪岡城跡","史跡","青森県浪岡町",40/02/10
"仏宇多(仏ケ浦)","名勝・天然記念物","青森県佐井村",41/04/23
"根城跡","史跡","青森県八戸市",41/12/13
"七戸城跡","史跡","青森県七戸町",41/12/13
"亀ヶ岡石器時代遺跡","史跡","青森県木造町",44/06/26
"田小屋野貝塚","史跡","青森県木造町",44/06/26
"津軽氏城跡　堀越城跡　弘前城跡","史跡","青森県弘前市",52/03/29
"盛美園","名勝","青森県尾上町",53/03/31
"是川石器時代遺跡","史跡","青森県八戸市",57/07/01
"下北半島のサルおよびサル生息北限地","天然記念物","青森県脇野沢村・佐井村",70/11/11
"縫道石山・縫道石の特殊植物群落","天然記念物","青森県佐井村",76/12/23
"瑞楽園","名勝","青森県弘前市",79/05/31
"清藤氏書院庭園","名勝","青森県尾上町",79/08/07
"長七谷地貝塚","史跡","青森県八戸市",81/05/25
"小牧野遺跡","史跡","青森県青森市",95/03/17
"三内丸山遺跡","史跡","青森県青森市",97/03/05
"二ツ森貝塚","史跡","青森県天間林村",98/01/16
"丹後平古墳群","史跡","青森県八戸市",99/01/14
"垂柳遺跡","史跡","青森県田舎館村",00/04/12
"高屋敷館遺跡","史跡","青森県浪岡町",01/01/29
"毛越寺跡附鎮守社跡","特別史跡","岩手県平泉町",22/10/12
"無量光院跡","特別史跡","岩手県平泉町",22/10/12
"胆沢城跡","史跡","岩手県水沢市",22/10/12
"盛岡石割ザクラ","天然記念物","岩手県盛岡市",23/03/07
"シダレカツラ","天然記念物","岩手県盛岡市",24/12/09
"猊鼻渓","名勝","岩手県東山町",25/10/08
"カズグリ自生地","天然記念物","岩手県東和町",27/04/08
"厳美渓","名勝・天然記念物","岩手県一関市",27/09/05
"早池峰山及び薬師岳の高山帯・植物群落","特別天然記念物","岩手県大迫町・遠野市・川井村",28/02/07
"岩手山高山植物帯","天然記念物","岩手県滝沢村",28/02/07
"勝源院の逆ガシワ","天然記念物","岩手県紫波町",29/12/17
"長泉寺の大イチョウ","天然記念物","岩手県久慈市",31/02/20
"高野長英旧宅","史跡","岩手県水沢市",33/04/13
"下船渡貝塚","史跡","岩手県大船渡市",34/01/22
"蛸ノ浦貝塚","史跡","岩手県大船渡市",34/01/22
"中沢浜貝塚","史跡","岩手県陸前高田市",34/01/22
"椿島ウミネコ繁殖地","天然記念物","岩手県陸前高田市",34/12/28
"花輪堤ハナショウブ群落","天然記念物","岩手県花巻市",35/04/11
"九戸城跡","史跡","岩手県二戸市",35/06/07
"三貫島オオミズナギドリ及びヒメクロウミツバメ繁殖地","天然記念物","岩手県釜石市",35/12/24
"日出島クロコシジロウミツバメ繁殖地","天然記念物","岩手県宮古市",35/12/24
"華蔵寺の宝珠マツ","天然記念物","岩手県陸前高田市",35/12/24
"竜谷寺のモリオカシダレ","天然記念物","岩手県盛岡市",36/09/03
"根反の大珪化木","特別天然記念物","岩手県一戸町",36/12/16
"蛇ヶ崎","天然記念物","岩手県陸前高田市",36/12/16
"盛岡城跡","史跡","岩手県盛岡市",37/04/17
"碁石海岸","名勝・天然記念物","岩手県大船渡市",37/06/15
"岩泉湧窟およびコウモリ","天然記念物","岩手県岩泉町",38/12/14
"実相寺のイチョウ","天然記念物","岩手県一戸町",38/12/14
"藤島のフジ","天然記念物","岩手県一戸町",38/12/14
"館ヶ崎角岩岩脈","天然記念物","岩手県大船渡市",39/09/07
"崎山の潮吹穴","天然記念物","岩手県宮古市",39/09/07
"崎山の蝋燭岩","天然記念物","岩手県宮古市",39/09/07
"高田松原","名勝","岩手県陸前高田市",40/11/13
"姉帯小鳥谷根反の珪化木地帯","天然記念物","岩手県一戸町",41/02/21
"夏油温泉の石灰華","特別天然記念物","岩手県北上市",41/02/28
"浪打峠の交叉層","天然記念物","岩手県一戸町",41/08/01
"葛＊根田の大岩屋","天然記念物","岩手県雫石町",43/02/19
"珊瑚島","名勝","岩手県大船渡市",43/08/27
"焼走り熔岩流","特別天然記念物","岩手県西根町",44/11/07
"樋口沢ゴトランド紀化石産地","天然記念物","岩手県大船渡市",57/05/08
"橋野高炉跡","史跡","岩手県釜石市",57/06/03
"毛越寺庭園","特別名勝","岩手県平泉町",57/11/12
"徳丹城跡","史跡","岩手県矢巾町",69/08/05
"大揚沼モリアオガエルおよびその繁殖地","天然記念物","岩手県松尾村",72/12/08
"安家洞","天然記念物","岩手県岩泉町",75/02/07
"早池峰山のアカエゾマツ自生南限地","天然記念物","岩手県川井村",75/02/18
"樺山遺跡","史跡","岩手県北上市",77/07/14
"八天遺跡","史跡","岩手県北上市",78/02/22
"中尊寺境内","特別史跡","岩手県平泉町",79/05/22
"江釣子古墳群","史跡","岩手県北上市",79/09/10
"志波城跡","史跡","岩手県盛岡市",84/09/14
"角塚古墳","史跡","岩手県胆沢町",85/03/22
"御所野遺跡","史跡","岩手県一戸町",93/12/21
"崎山貝塚","史跡","岩手県宮古市",96/07/16
"柳之御所遺跡","史跡","岩手県平泉町",97/03/05
"南部領伊達領境塚","史跡","岩手県北上市・金ヶ崎町",00/01/31
"大洞貝塚","史跡","岩手県大船渡市",01/08/13
"陸奥国分寺跡","史跡","宮城県仙台市若林区",22/10/12
"多賀城跡附寺跡","特別史跡","宮城県多賀城市",22/10/12
"松島","特別名勝","宮城県塩竈市・他",23/03/07
"球状閃緑岩","天然記念物","宮城県白石市",23/03/07
"苦竹のイチョウ","天然記念物","宮城県仙台市宮城野区",26/10/20
"旧有備館および庭園","史跡・名勝","宮城県岩出山町",33/02/28
"魚取沼テツギョ生息地","天然記念物","宮城県宮崎町・小野田町",33/04/13
"鬼首の雌釜および雄釜間歇温泉","特別天然記念物","宮城県鳴子町",33/04/13
"陸前江ノ島のウミネコおよびウトウ繁殖地","天然記念物","宮城県女川町",34/01/22
"小原の材木岩","天然記念物","宮城県白石市",34/05/01
"姉滝","天然記念物","宮城県仙台市太白区",34/08/09
"横山のウグイ生息地","天然記念物","宮城県津山町",35/08/27
"沢辺ゲンジボタル発生地","天然記念物","宮城県金成町",40/02/10
"秋保大滝","名勝","宮城県仙台市太白区",42/03/07
"林子平墓","史跡","宮城県仙台市青葉区",42/07/21
"朝鮮ウメ","天然記念物","宮城県仙台市若林区",42/09/19
"ヨコグラノキ北限地帯","天然記念物","宮城県白石市",42/10/14
"小原のヒダリマキガヤ","天然記念物","宮城県白石市",42/10/14
"小原のコツブガヤ","天然記念物","宮城県白石市",43/02/19
"称名寺のシイノキ","天然記念物","宮城県亘理町",43/08/24
"磐司","名勝","宮城県仙台市太白区",45/02/22
"陸奥国分尼寺跡","史跡","宮城県仙台市若林区",48/12/18
"雷神山古墳","史跡","宮城県名取市",56/12/28
"花山のアズマシャクナゲ自生北限地帯","天然記念物","宮城県花山村",61/11/14
"仙台藩花山村寒湯番所跡","史跡","宮城県花山村",63/09/28
"八景島暖地性植物群落","天然記念物","宮城県雄勝町",64/06/27
"椿島暖地性植物群落","天然記念物","宮城県志津川町",66/11/07
"伊豆沼・内沼の鳥類およびその生息地","天然記念物","宮城県築館町・若柳町",67/09/07
"黄金山産金遺跡","史跡","宮城県涌谷町",67/12/15
"大木囲貝塚","史跡","宮城県七ヶ浜町",68/03/18
"遠見塚古墳","史跡","宮城県仙台市若林区",68/11/08
"雨乞のイチョウ","天然記念物","宮城県柴田町",68/11/08
"長根貝塚","史跡","宮城県涌谷町",70/03/09
"旧有壁宿本陣","史跡","宮城県金成町",71/05/27
"山王囲遺跡","史跡","宮城県一迫町",71/09/09
"青葉山","天然記念物","宮城県仙台市青葉区",72/07/11
"沼津貝塚","史跡","宮城県石巻市",72/10/21
"山畑横穴群","史跡","宮城県三本木町",73/12/15
"西の浜貝塚","史跡","宮城県松島町",74/07/02
"歌津館崎の魚竜化石産地および魚竜化石","天然記念物","宮城県歌津町",75/08/02
"木戸瓦窯跡","史跡","宮城県田尻町",76/03/16
"大吉山瓦窯跡","史跡","宮城県古川市",76/03/31
"日の出山瓦窯跡","史跡","宮城県色麻町",76/03/31
"山前遺跡","史跡","宮城県小牛田町",76/06/07
"滝前不動のフジ","天然記念物","宮城県川崎町",76/06/16
"宮沢遺跡","史跡","宮城県古川市",76/07/13
"祇＊劫寺のコウヤマキ","天然記念物","宮城県田尻町",76/07/26
"梁瀬浦遺跡","史跡","宮城県角田市",77/02/17
"飯野坂古墳群","史跡","宮城県名取市",78/03/16
"東和町ゲンジボタル生息地","天然記念物","宮城県東和町",79/04/26
"城生柵跡","史跡","宮城県中新田町",79/05/18
"岩切城跡","史跡","宮城県仙台市宮城野区",82/08/23
"名生館官衙遺跡","史跡","宮城県古川市",87/08/17
"鹽竃神社の鹽竃ザクラ","天然記念物","宮城県塩竈市",87/12/17
"中沢目貝塚","史跡","宮城県田尻町",88/10/14
"陸奥上街道","史跡","宮城県岩出山町",90/02/22
"三十三間堂官衙遺跡","史跡","宮城県亘理町",92/01/21
"里浜貝塚","史跡","宮城県鳴瀬町",95/02/14
"東昌寺のマルミガヤ","天然記念物","宮城県仙台市青葉区",95/03/20
"座散乱木遺跡","史跡","宮城県岩出山町",97/07/28
"東山官衙遺跡","史跡","宮城県宮崎町",99/01/28
"玉川温泉の北投石","特別天然記念物","秋田県田沢湖町",22/10/12
"■状珪石および噴泉塔","天然記念物","秋田県雄勝町",24/12/09
"秋田駒ヶ岳高山植物帯","天然記念物","秋田県田沢湖町",26/02/24
"長走風穴高山植物群落","天然記念物","秋田県大館市",26/02/24
"払田柵跡","史跡","秋田県仙北町・千畑村",31/03/30
"奈曽の白瀑谷","名勝","秋田県象潟町",32/03/25
"ザリガニ生息地","天然記念物","秋田県大館市",34/01/22
"象潟","天然記念物","秋田県象潟町",34/01/22
"平田篤胤墓","史跡","秋田県秋田市",34/05/01
"芝谷地湿原植物群落","天然記念物","秋田県大館市",36/09/03
"筑紫森岩脈","天然記念物","秋田県河辺町",38/08/08
"秋田城跡","史跡","秋田県秋田市",39/09/07
"大湯環状列石","特別史跡","秋田県鹿角市",51/12/26
"角館のシダレザクラ","天然記念物","秋田県角館町",74/10/09
"桃洞・佐渡のスギ原生林","天然記念物","秋田県阿仁町",75/02/13
"檜木内川堤(サクラ)","名勝","秋田県角館町",75/02/18
"岩井堂洞窟","史跡","秋田県雄勝町",78/09/18
"檜山安東氏城館跡　檜山城跡　　大館跡　　茶臼館跡","史跡","秋田県能代市",80/03/21
"杉沢台遺跡","史跡","秋田県能代市",81/09/03
"千屋断層","天然記念物","秋田県千畑町",95/02/14
"地蔵田遺跡","史跡","秋田県秋田市",96/11/06
"由利海岸波除石垣","史跡","秋田県仁賀保町・金浦町",97/09/11
"伊勢堂岱遺跡","史跡","秋田県鷹巣町",01/01/29
"鳥海山獅子ヶ鼻湿原植物群落及び新山溶岩流末端崖と湧水群","天然記念物","秋田県象潟町",01/01/29
"伊佐沢の久保ザクラ","天然記念物","山形県長井市",24/12/09
"大沼の浮島","名勝","山形県朝日町",25/10/08
"東根の大ケヤキ","特別天然記念物","山形県東根市",26/10/20
"熊野神社の大スギ","天然記念物","山形県鶴岡市",27/04/08
"山寺","名勝・史跡","山形県山形市",32/03/25
"城輪柵跡","史跡","山形県酒田市",32/04/25
"上杉治憲敬師郊迎跡","史跡","山形県米沢市",35/06/07
"飛島ウミネコ繁殖地","天然記念物","山形県酒田市",38/12/14
"金峰山","名勝","山形県鶴岡市",41/04/23
"旧致道館","史跡","山形県鶴岡市",51/06/09
"文下のケヤキ","天然記念物","山形県鶴岡市",51/06/09
"羽黒山のスギ並木","特別天然記念物","山形県羽黒町",51/06/09
"南谷のカスミザクラ","天然記念物","山形県羽黒町",51/06/09
"山五十川の玉スギ","天然記念物","山形県温海町",51/06/09
"羽黒山の爺スギ","天然記念物","山形県羽黒町",51/06/09
"早田のオハツキイチョウ","天然記念物","山形県温海町",51/06/09
"嶋遺跡","史跡","山形県山形市",66/12/19
"月山","天然記念物","山形県羽黒町・立川町",72/12/09
"酒井氏庭園","名勝","山形県鶴岡市",76/12/27
"日向洞窟","史跡","山形県高畠町",77/02/17
"三瀬気比神社社叢","天然記念物","山形県鶴岡市",77/04/02
"堂の前遺跡","史跡","山形県八幡町",79/10/23
"稲荷森古墳","史跡","山形県南陽市",80/05/24
"大立洞窟","史跡","山形県高畠町",80/06/03
"一の沢洞窟","史跡","山形県高畠町",80/09/11
"火箱岩洞窟","史跡","山形県高畠町",83/04/26
"米沢藩主上杉家墓所","史跡","山形県米沢市",84/01/11
"旧鐙屋","史跡","山形県酒田市",84/05/25
"延沢銀山遺跡","史跡","山形県尾花沢市",85/12/21
"山形城跡","史跡","山形県山形市",86/05/28
"西沼田遺跡","史跡","山形県天童市",87/01/26
"新庄藩主戸沢家墓所","史跡","山形県新庄市",87/05/12
"玉川寺庭園","名勝","山形県羽黒町",87/08/01
"松ヶ岡開墾場跡","史跡","山形県羽黒町",89/08/11
"總光寺庭園","名勝","山形県松山町",96/03/29
"一ノ坂遺跡","史跡","山形県米沢市",97/07/28
"羽州街道　楢下宿　金山越","史跡","山形県上山市",97/09/11
"古志田東遺跡","史跡","山形県米沢市",00/09/06
"三春滝ザクラ","天然記念物","福島県三春町",22/10/12
"甲塚古墳","史跡","福島県いわき市",23/03/07
"吾妻山ヤエハクサンシャクナゲ自生地","天然記念物","福島県福島市",23/03/07
"南湖公園","史跡・名勝","福島県白河市",24/12/09
"赤井谷地沼野植物群落","天然記念物","福島県会津若松市",28/03/24
"新地貝塚附手長明神社跡","史跡","福島県新地町",30/02/28
"薬師堂石仏附阿彌陀堂石仏","史跡","福島県小高町",30/07/08
"観音堂石仏","史跡","福島県小高町",30/07/08
"宇津峰","史跡","福島県須賀川市・郡山市",31/07/31
"会津松平氏庭園","名勝","福島県会津若松市",32/10/19
"須賀川の牡丹園","名勝","福島県須賀川市",32/10/19
"泉崎横穴","史跡","福島県泉崎村",34/05/01
"霊山","史跡・名勝","福島県霊山町・相馬市",34/05/01
"若松城跡","史跡","福島県会津若松市",34/12/28
"入水鍾乳洞","天然記念物","福島県滝根町",34/12/28
"下鳥渡供養石塔","史跡","福島県福島市",35/06/07
"石母田供養石塔","史跡","福島県国見町",35/06/07
"須釜東福寺舎利石塔","史跡","福島県玉川村",35/06/07
"旧二本松藩戒石銘碑","史跡","福島県二本松市",35/12/24
"猪苗代湖ミズスギゴケ群落","天然記念物","福島県猪苗代町",35/12/24
"須賀川一里塚","史跡","福島県須賀川市",36/09/03
"馬場ザクラ","天然記念物","福島県大玉村",36/12/16
"中釜戸のシダレモミジ","天然記念物","福島県いわき市",37/06/15
"米山寺経塚群","史跡","福島県須賀川市",37/12/21
"鮎滝渡船場跡","史跡","福島県福島市",37/12/21
"諏訪神社の爺スギ媼スギ","天然記念物","福島県小野町",37/12/21
"賢沼ウナギ生息地","天然記念物","福島県いわき市",39/09/07
"柳津ウグイ生息地","天然記念物","福島県柳津町",40/07/12
"高瀬の大木(ケヤキ)","天然記念物","福島県会津若松市",41/01/27
"赤津のカツラ","天然記念物","福島県郡山市",41/01/27
"平伏沼モリアオガエル繁殖地","天然記念物","福島県川内村",41/02/28
"木幡の大スギ","天然記念物","福島県東和町",41/03/27
"見祢の大石","天然記念物","福島県猪苗代町",41/10/03
"杉沢の大スギ","天然記念物","福島県岩代町",43/08/24
"塔の■","天然記念物","福島県下郷町",43/08/24
"照島ウ生息地","天然記念物","福島県いわき市",45/02/22
"桜井古墳","史跡","福島県原町市",56/11/07
"雄国沼湿原植物群落","天然記念物","福島県北塩原村",57/10/30
"中山風穴地特殊植物群落","天然記念物","福島県下郷町",64/06/27
"鹿島神社のペグマタイト岩脈","天然記念物","福島県郡山市",66/06/11
"白河関跡","史跡","福島県白河市",66/09/12
"白水阿彌陀堂境域","史跡","福島県いわき市",66/09/12
"清戸迫横穴","史跡","福島県双葉町",68/05/11
"上人壇廃寺跡","史跡","福島県須賀川市",68/05/28
"旧滝沢本陣","史跡","福島県会津若松市",70/03/16
"中田横穴","史跡","福島県いわき市",70/05/11
"慧日寺跡","史跡","福島県磐梯町",70/12/04
"駒止湿原","天然記念物","福島県田島町・昭和村",70/12/28
"猪苗代湖のハクチョウおよびその渡来地","天然記念物","福島県猪苗代町",72/02/09
"大塚山古墳","史跡","福島県会津若松市",72/05/26
"沢尻の大ヒノキ(サワラ)","天然記念物","福島県いわき市",74/08/10
"羽山横穴","史跡","福島県原町市",74/12/23
"亀ヶ森・鎮守森古墳","史跡","福島県会津坂下町",76/05/06
"真野古墳群","史跡","福島県鹿島町",79/10/24
"阿津賀志山防塁","史跡","福島県国見町",81/03/14
"関和久官衙遺跡","史跡","福島県泉崎村",84/07/21
"会津藩主松平家墓所","史跡","福島県会津若松市",87/05/12
"桑折西山城跡","史跡","福島県桑折町",90/02/19
"大安場古墳","史跡","福島県郡山市",00/09/06
"古屋敷遺跡","史跡","福島県塩川町",00/12/04
"向羽黒山城跡","史跡","福島県会津本郷町",01/08/07
"舟塚山古墳","史跡","茨城県石岡市",21/03/03
"吉田古墳","史跡","茨城県水戸市",22/03/08
"旧弘道館","特別史跡","茨城県水戸市",22/03/08
"常磐公園","史跡・名勝","茨城県水戸市",22/03/08
"常陸国分寺跡","特別史跡","茨城県石岡市",22/10/12
"常陸国分尼寺跡","特別史跡","茨城県石岡市",22/10/12
"いぶき山イブキ樹叢","天然記念物","茨城県十王町",22/10/12
"桜川(サクラ)","名勝","茨城県岩瀬町",24/12/09
"安良川の爺スギ","天然記念物","茨城県高萩市",24/12/09
"白旗山八幡宮のオハツキイチョウ","天然記念物","茨城県水戸市",29/04/02
"大戸のサクラ","天然記念物","茨城県茨城町",32/07/23
"愛宕山古墳","史跡","茨城県水戸市",34/05/01
"関城跡","史跡","茨城県関城町",34/05/01
"大宝城跡","史跡","茨城県関城町・下妻市",34/05/01
"片庭ヒメハルゼミ発生地","天然記念物","茨城県笠間市",34/12/28
"小田城跡","史跡","茨城県つくば市",35/06/07
"新治廃寺跡附上野原瓦窯跡","史跡","茨城県協和町・岩瀬町",42/07/21
"佐久良東雄旧宅","史跡","茨城県八郷町",44/03/07
"新治郡衙跡","史跡","茨城県協和町",68/05/20
"馬渡埴輪製作遺跡","史跡","茨城県ひたちなか市",69/08/05
"大串貝塚","史跡","茨城県水戸市",70/05/11
"虎塚古墳","史跡","茨城県ひたちなか市",74/01/23
"桜川のサクラ","天然記念物","茨城県岩瀬町",74/07/16
"上高津貝塚","史跡","茨城県土浦市",77/10/04
"平沢官衙遺跡","史跡","茨城県つくば市",80/12/04
"広畑貝塚","史跡","茨城県桜川村",82/02/27
"鹿島神宮境内附郡家跡","史跡","茨城県鹿嶋市",86/08/04
"小幡北山埴輪製作遺跡","史跡","茨城県茨城町",92/01/21
"真壁城跡","史跡","茨城県真壁町",94/10/28
"陸平貝塚","史跡","茨城県美浦村",98/09/11
"下野薬師寺跡","史跡","栃木県南河内町",21/03/03
"下野国分寺跡","史跡","栃木県国分寺町",21/03/03
"足利学校跡(聖廟および附属建物を含む)","史跡","栃木県足利市",21/03/03
"コウシンソウ自生地","特別天然記念物","栃木県足尾町",21/03/03
"小金井一里塚","史跡","栃木県国分寺町",22/03/08
"日光杉並木街道附並木寄進碑","特別史跡・特別天然記念物","栃木県日光市・今市市",22/03/08
"足利氏宅跡(鑁阿寺)","史跡","栃木県足利市",22/03/08
"湯沢噴泉塔","天然記念物","栃木県栗山村",22/03/08
"大谷磨崖仏","特別史跡","栃木県宇都宮市",26/02/24
"佐貫石仏","史跡","栃木県塩谷町",26/02/24
"琵琶塚古墳","史跡","栃木県小山市",26/02/24
"愛宕塚古墳","史跡","栃木県壬生町",26/02/24
"車塚古墳","史跡","栃木県壬生町",26/02/24
"牛塚古墳","史跡","栃木県壬生町",26/02/24
"壬生一里塚","史跡","栃木県壬生町",28/03/24
"華厳瀑および中宮祠湖(中禅寺湖)湖畔","名勝","栃木県日光市",31/03/30
"桜町陣屋跡","史跡","栃木県二宮町",32/03/25
"唐御所横穴","史跡","栃木県馬頭町",34/12/28
"金剛ザクラ","天然記念物","栃木県日光市",36/12/16
"逆スギ","天然記念物","栃木県塩原町",37/04/17
"名草の巨石群","天然記念物","栃木県足利市",39/09/07
"侍塚古墳","史跡","栃木県湯津上村",51/06/09
"茶臼山古墳","史跡","栃木県壬生町",58/06/28
"下野国分尼寺跡","史跡","栃木県国分寺町",65/04/09
"専修寺境内","史跡","栃木県二宮町",67/07/06
"吾妻古墳","史跡","栃木県栃木市・壬生町",70/07/22
"那須官衙遺跡","史跡","栃木県小川町",76/06/07
"飛山城跡","史跡","栃木県宇都宮市",77/03/08
"乙女不動原瓦窯跡","史跡","栃木県小山市",78/05/11
"摩利支天塚古墳","史跡","栃木県小山市",78/07/21
"駒形大塚古墳","史跡","栃木県小川町",79/03/13
"下野国庁跡","史跡","栃木県栃木市",82/10/12
"那須神田城跡","史跡","栃木県小川町",84/07/06
"根古谷台遺跡","史跡","栃木県宇都宮市",88/05/17
"小山氏城跡　　鷲城跡　 祇園城跡","史跡","栃木県小山市",91/03/12
"寺野東遺跡","史跡","栃木県小山市",95/11/08
"日光山内","史跡","栃木県日光市",98/05/14
"樺崎寺跡","史跡","栃木県足利市",01/01/29
"多胡碑","特別史跡","群馬県吉井町",21/03/03
"山上碑および古墳","特別史跡","群馬県高崎市",21/03/03
"金井沢碑","特別史跡","群馬県高崎市",21/03/03
"妙義山","名勝","群馬県妙義町・下仁田町・松井田町",23/03/07
"上野国分寺跡","史跡","群馬県群馬町・前橋市",26/10/20
"浅間山古墳","史跡","群馬県高崎市",27/04/08
"大鶴巻古墳","史跡","群馬県高崎市",27/04/08
"女体山古墳","史跡","群馬県太田市",27/04/08
"前二子古墳","史跡","群馬県前橋市",27/04/08
"中二子古墳","史跡","群馬県前橋市",27/04/08
"後二子古墳ならびに小古墳","史跡","群馬県前橋市",27/04/08
"二子山古墳","史跡","群馬県前橋市",27/04/08
"滝沢石器時代遺跡","史跡","群馬県赤城村",27/04/08
"二子山古墳","史跡","群馬県前橋市",27/06/14
"七輿山古墳","史跡","群馬県藤岡市",27/06/14
"山王塔跡","史跡","群馬県前橋市",28/02/07
"高山彦九郎宅跡附遺髪塚","史跡","群馬県太田市",31/11/16
"安中原市のスギ並木","天然記念物","群馬県安中市",33/04/13
"原町の大ケヤキ","天然記念物","群馬県吾妻町",33/04/13
"横室の大カヤ","天然記念物","群馬県富士見村",33/04/13
"榛名神社の矢立スギ","天然記念物","群馬県榛名町",33/04/13
"生品神社境内(新田義貞挙兵伝説地)","史跡","群馬県新田町",34/03/13
"金山城跡","史跡","群馬県太田市",34/12/28
"躑躅ヶ岡(ツツジ)","名勝","群馬県館林市",34/12/28
"川原湯岩脈(臥竜岩および昇竜岩)","天然記念物","群馬県長野原町",34/12/28
"吾妻峡","名勝","群馬県吾妻町・長野原町",35/12/24
"吹割渓ならびに吹割瀑","天然記念物・名勝","群馬県利根村",36/12/16
"三波川(サクラ)","名勝・天然記念物","群馬県鬼石町",37/04/17
"華蔵寺のキンモクセイ","天然記念物","群馬県伊勢崎市",37/06/15
"永明寺のキンモクセイ","天然記念物","群馬県邑楽町",37/06/15
"上野村亀甲石産地","天然記念物","群馬県上野村",38/08/08
"生犬穴","天然記念物","群馬県上野村",38/12/14
"岩神の飛石","天然記念物","群馬県前橋市",38/12/14
"浅間山熔岩樹型","特別天然記念物","群馬県嬬恋村",40/08/30
"武井廃寺塔跡","史跡","群馬県新里村",41/01/27
"天神山古墳","史跡","群馬県太田市",41/01/27
"宝塔山古墳","史跡","群馬県前橋市",44/11/13
"本郷埴輪窯跡","史跡","群馬県藤岡市",44/11/13
"水上石器時代住居跡","史跡","群馬県水上町",44/11/13
"観音塚古墳","史跡","群馬県高崎市",48/01/14
"譲原石器時代住居跡","史跡","群馬県鬼石町",48/12/18
"八幡山古墳","史跡","群馬県前橋市",49/07/13
"敷島のキンメイチク","天然記念物","群馬県赤城村",53/11/14
"薄根の大クワ","天然記念物","群馬県沼田市",56/05/15
"湯の丸レンゲツツジ群落","天然記念物","群馬県嬬恋村",56/05/15
"草津白根のアズマシャクナゲ及びハクサンシャクナゲ群落","天然記念物","群馬県草津町",61/07/06
"上野楢原のシオジ林","天然記念物","群馬県上野村",69/07/25
"観音山古墳","史跡","群馬県高崎市",73/04/14
"蛇穴山古墳","史跡","群馬県前橋市",74/12/23
"岩宿遺跡","史跡","群馬県笠懸町",79/08/17
"女堀","史跡","群馬県前橋市",83/10/27
"保渡田古墳群","史跡","群馬県群馬町",85/09/03
"箕輪城跡","史跡","群馬県箕郷町",87/12/17
"十三宝塚遺跡","史跡","群馬県境町",88/01/11
"日高遺跡","史跡","群馬県高崎市",89/11/09
"黒井峯遺跡","史跡","群馬県子持村",93/04/02
"白石稲荷山古墳","史跡","群馬県藤岡市",93/11/30
"中高瀬観音山遺跡","史跡","群馬県富岡市",97/03/17
"矢瀬遺跡","史跡","群馬県月夜野町",97/03/17
"茅野遺跡","史跡","群馬県榛東村",00/03/07
"楽山園","名勝","群馬県甘楽町",00/03/30
"新田荘遺跡","史跡","群馬県太田市・尾島町・新田町",00/11/01
"田島ヶ原サクラソウ自生地","特別天然記念物","埼玉県浦和市",20/07/17
"石戸蒲ザクラ","天然記念物","埼玉県北本市",22/10/12
"吉見百穴","史跡","埼玉県吉見町",23/03/07
"長瀞＊","名勝・天然記念物","埼玉県長瀞＊町・皆野町",24/12/09
"牛島のフジ","特別天然記念物","埼玉県春日部市",28/01/18
"南河原石塔婆","史跡","埼玉県南河原村",28/02/07
"野上下郷石塔婆","史跡","埼玉県長瀞＊町",28/02/07
"吉見百穴ヒカリゴケ発生地","天然記念物","埼玉県吉見町",28/11/30
"小見真観寺古墳","史跡","埼玉県行田市",31/03/30
"水殿瓦窯跡","史跡","埼玉県美里村",31/11/26
"鉢形城跡","史跡","埼玉県寄居町",32/04/19
"与野の大カヤ","天然記念物","埼玉県与野市",32/07/25
"埼玉古墳群","史跡","埼玉県行田市",38/08/08
"御岳の鏡岩","特別天然記念物","埼玉県神川町",40/08/30
"塙保己一旧宅","史跡","埼玉県児玉町",44/11/13
"武甲山石灰岩地特殊植物群落","天然記念物","埼玉県横瀬町",51/06/09
"高麗村石器時代住居跡","史跡","埼玉県日高市",51/12/26
"宮塚古墳","史跡","埼玉県熊谷市",56/05/15
"大谷瓦窯跡","史跡","埼玉県東松山市",58/10/08
"宝蔵寺沼ムジナモ自生地","天然記念物","埼玉県羽生市",66/05/04
"平林寺境内林","天然記念物","埼玉県新座市",68/05/28
"水子貝塚","史跡","埼玉県富士見市",69/09/09
"栃本関跡","史跡","埼玉県大滝村",70/11/12
"菅谷館跡","史跡","埼玉県嵐山町",73/05/26
"真福寺貝塚","史跡","埼玉県岩槻市",75/07/19
"見沼通船堀","史跡","埼玉県浦和市",82/07/03
"河越館跡","史跡","埼玉県川越市",84/12/06
"太東海浜植物群落","天然記念物","千葉県岬町",20/07/17
"成東・東金食虫植物群落","天然記念物","千葉県成東町・東金市",20/07/17
"鯛の浦タイ生息地","特別天然記念物","千葉県天津小湊町",22/03/08
"清澄の大スギ","天然記念物","千葉県天津小湊町",24/12/09
"府馬の大クス","天然記念物","千葉県山田町",26/10/20
"神崎の大クス","天然記念物","千葉県神崎町",26/10/20
"竹岡のヒカリモ発生地","天然記念物","千葉県富津市",28/11/30
"弁天山古墳","史跡","千葉県富津市",29/12/17
"上総国分寺跡","史跡","千葉県市原市",29/12/17
"良文貝塚","史跡","千葉県小見川町",30/02/28
"伊能忠敬旧宅","史跡","千葉県佐原市",30/04/25
"千本イチョウ","天然記念物","千葉県市川市",31/02/20
"竜角寺境内ノ塔阯","史跡","千葉県栄町",33/04/13
"岩屋古墳","史跡","千葉県栄町",41/01/27
"鶴枝ヒメハルゼミ発生地","天然記念物","千葉県茂原市",41/12/13
"大原幽学遺跡　旧宅、墓および宅地耕地地割","史跡","千葉県干潟町",52/10/11
"高宕山のサル生息地","天然記念物","千葉県富津市・君津市",56/12/28
"芝山古墳群","史跡","千葉県横芝町",58/06/28
"堀之内貝塚","史跡","千葉県市川市",64/07/06
"姥山貝塚","史跡","千葉県市川市",67/08/17
"下総国分寺跡","史跡","千葉県市川市",67/12/27
"下総国分尼寺跡","史跡","千葉県市川市",67/12/27
"阿玉台貝塚","史跡","千葉県小見川町",68/05/20
"笠森寺自然林","天然記念物","千葉県長南町",70/01/23
"加曽利貝塚","史跡","千葉県千葉市",71/03/22
"山崎貝塚","史跡","千葉県野田市",76/12/23
"月ノ木貝塚","史跡","千葉県千葉市",78/03/16
"荒屋敷貝塚","史跡","千葉県千葉市",79/03/13
"曽谷貝塚","史跡","千葉県市川市",79/12/22
"犢橋貝塚","史跡","千葉県千葉市",81/12/09
"上総国分尼寺跡","史跡","千葉県市原市",83/08/30
"長柄横穴群","史跡","千葉県長柄町",95/03/20
"本佐倉城跡","史跡","千葉県佐倉市・酒々井町",98/09/11
"高梨氏庭園","名勝","千葉県野田市",01/08/13
"大塚先儒墓所","史跡","東京都文京区",21/03/03
"湯島聖堂","史跡","東京都文京区",22/03/08
"浅野長矩墓および赤穂義士墓","史跡","東京都港区",22/03/08
"西ヶ原一里塚","史跡","東京都北区",22/03/08
"志村一里塚","史跡","東京都板橋区",22/03/08
"武蔵国分寺跡","史跡","東京都国分寺市",22/10/12
"小石川後楽園","特別史跡・特別名勝","東京都文京区",23/03/07
"小金井(サクラ)","名勝","東京都小金井市・小平市・武蔵野市",24/12/09
"馬場大門のケヤキ並木","天然記念物","東京都府中市",24/12/09
"高ヶ坂石器時代遺跡","史跡","東京都町田市",26/02/24
"品川台場","史跡","東京都港区",26/10/20
"林氏墓地","史跡","東京都新宿区",26/10/20
"沢庵墓","史跡","東京都品川区",26/10/20
"加茂真淵墓","史跡","東京都品川区",26/10/20
"善福寺のイチョウ","天然記念物","東京都港区",26/10/20
"松平定信墓","史跡","東京都江東区",28/01/18
"小仏関跡","史跡","東京都八王子市",28/01/18
"船田石器時代遺跡","史跡","東京都八王子市",28/01/18
"亀甲山古墳","史跡","東京都大田区",28/02/07
"高輪大木戸跡","史跡","東京都港区",28/02/07
"御岳の神代ケヤキ","天然記念物","東京都青梅市",28/02/18
"常磐橋門跡","史跡","東京都千代田区",28/03/24
"西秋留石器時代住居跡","史跡","東京都あきる野市",33/04/13
"三宝寺池沼沢植物群落","天然記念物","東京都練馬区",35/12/24
"大島のサクラ株","特別天然記念物","東京都大島町",35/12/24
"練馬白山神社の大ケヤキ","天然記念物","東京都練馬区",40/07/12
"六義園","特別名勝","東京都文京区",40/08/30
"蒲生君平墓","史跡","東京都台東区",42/07/21
"幸神神社のシダレアカシデ","天然記念物","東京都日の出町",42/07/21
"山鹿素行墓","史跡","東京都新宿区",43/05/01
"高島秋帆墓","史跡","東京都文京区",43/05/01
"伊能忠敬墓","史跡","東京都台東区",43/05/01
"高橋至時墓","史跡","東京都台東区",43/05/01
"平賀源内墓","史跡","東京都台東区",43/05/01
"青木昆陽墓","史跡","東京都目黒区",43/05/01
"旧浜離宮庭園","特別名勝・特別史跡","東京都中央区",48/12/18
"旧白金御料地","天然記念物・史跡","東京都港区・品川区",49/04/12
"佐藤一斎墓","史跡","東京都港区",49/07/13
"荻生徂徠墓","史跡","東京都港区",49/07/13
"細井広沢墓","史跡","東京都世田谷区",49/07/13
"滝山城跡","史跡","東京都八王子市",51/06/09
"八王子城跡","史跡","東京都八王子市",51/06/09
"シイノキ山のシイノキ群叢","天然記念物","東京都大島町",51/06/09
"大島海浜植物群落","天然記念物","東京都大島町",51/06/09
"大森貝塚","史跡","東京都大田区",55/03/24
"江戸城外堀跡","史跡","東京都千代田区・新宿区・港区",56/03/26
"江戸城跡","特別史跡","東京都千代田区",60/05/20
"鳥島","天然記念物","東京都小笠原村",65/05/10
"旧新橋停車場跡","史跡","東京都港区",65/05/12
"江戸城跡のヒカリゴケ生育地","天然記念物","東京都千代田区",72/06/14
"南硫黄島","天然記念物","東京都小笠原村",72/11/24
"弥生二丁目遺跡","史跡","東京都文京区",76/06/07
"椚田遺跡","史跡","東京都八王子市",78/05/11
"向島百花園","名勝・史跡","東京都墨田区",78/10/13
"旧芝離宮庭園","名勝","東京都港区",79/06/25
"下布田遺跡","史跡","東京都調布市",87/05/12
"中里貝塚","史跡","東京都北区",00/09/06
"相模国分寺跡","史跡","神奈川県海老名市",21/03/03
"箱根関跡","史跡","神奈川県箱根町",22/03/08
"称名寺境内","史跡","神奈川県横浜市金沢区",22/10/12
"三浦安針墓","史跡","神奈川県横須賀市",23/03/07
"早川のビランジュ","天然記念物","神奈川県小田原市",24/12/09
"藤沢敵御方供養塔","史跡","神奈川県藤沢市",26/10/20
"旧相模川橋脚","史跡","神奈川県茅ヶ崎市",26/10/20
"法華堂跡（源頼朝墓）","史跡","神奈川県鎌倉市",27/04/08
"日野俊基墓","史跡","神奈川県鎌倉市",27/04/08
"冷泉為相墓","史跡","神奈川県鎌倉市",27/04/08
"忍性墓","史跡","神奈川県鎌倉市",27/04/08
"伝上杉憲方墓","史跡","神奈川県鎌倉市",27/04/08
"諸磯の隆起海岸","天然記念物","神奈川県三浦市",28/03/24
"寸沢嵐石器時代遺跡","史跡","神奈川県相模湖町",30/11/19
"川尻石器時代遺跡","史跡","神奈川県城山町",31/07/31
"建長寺庭園","名勝・史跡","神奈川県鎌倉市",32/07/23
"円覚寺庭園","名勝・史跡","神奈川県鎌倉市",32/07/23
"箱根仙石原湿原植物群落","天然記念物","神奈川県箱根町",34/01/22
"稲村ヶ崎(新田義貞徒渉伝説地)","史跡","神奈川県鎌倉市",34/03/13
"箒スギ","天然記念物","神奈川県山北町",34/03/26
"伊勢原八幡台石器時代住居跡","史跡","神奈川県伊勢原市",34/12/28
"若宮大路","史跡","神奈川県鎌倉市",35/06/07
"小田原城跡","史跡","神奈川県小田原市",38/08/08
"城願寺のビャクシン","天然記念物","神奈川県湯河原町",39/09/07
"山神の樹叢","天然記念物","神奈川県湯河原町",39/09/07
"元箱根石仏群附永仁三年在銘石造五輪塔・石造五輪塔・永仁四年在銘石造宝篋印塔","史跡","神奈川県箱根町",41/10/03
"石垣山","史跡","神奈川県小田原市",59/05/13
"箱根旧街道","史跡","神奈川県箱根町",60/09/22
"浄智寺境内","史跡","神奈川県鎌倉市",66/02/28
"寿福寺境内","史跡","神奈川県鎌倉市",66/03/22
"三殿台遺跡","史跡","神奈川県横浜市磯子区",66/04/02
"名越切通","史跡","神奈川県逗子市・鎌倉市",66/04/11
"永福寺跡","史跡","神奈川県鎌倉市",66/06/14
"建長寺境内","史跡","神奈川県鎌倉市",66/09/12
"浄妙寺境内","史跡","神奈川県鎌倉市",66/11/02
"鶴岡八幡宮境内","史跡","神奈川県鎌倉市",67/04/24
"円覚寺境内","史跡","神奈川県鎌倉市",67/04/24
"覚園寺境内","史跡","神奈川県鎌倉市",67/06/22
"和賀江嶋","史跡","神奈川県鎌倉市・逗子市",68/10/14
"朝夷奈切通","史跡","神奈川県鎌倉市・横浜市金沢区",69/06/05
"亀ヶ谷坂","史跡","神奈川県鎌倉市",69/06/05
"巨福呂坂","史跡","神奈川県鎌倉市",69/11/29
"仮粧坂","史跡","神奈川県鎌倉市",69/11/29
"夏島貝塚","史跡","神奈川県横須賀市",72/01/27
"五領ヶ台貝塚","史跡","神奈川県平塚市",72/07/19
"瑞泉寺境内","史跡","神奈川県鎌倉市",72/11/08
"瑞泉寺庭園","名勝","神奈川県鎌倉市",72/11/08
"勝坂遺跡","史跡","神奈川県相模原市",74/07/02
"大仏切通","史跡","神奈川県鎌倉市",77/08/10
"北条氏常盤亭跡","史跡","神奈川県鎌倉市",78/12/19
"明月院境内","史跡","神奈川県鎌倉市",84/02/09
"大塚・歳勝土遺跡","史跡","神奈川県横浜市港北区",86/01/31
"旧横浜正金銀行本店","史跡","神奈川県横浜市",95/06/27
"相模国分尼寺跡","史跡","神奈川県海老名市",97/04/03
"東勝寺跡","史跡","神奈川県鎌倉市",98/07/31
"田名向原遺跡","史跡","神奈川県相模原市",99/01/28
"了玄庵のツナギガヤ","天然記念物","新潟県田上町",22/10/12
"鳥屋野逆ダケの薮","天然記念物","新潟県新潟市",22/10/12
"田上村ツナギガヤ自生地","天然記念物","新潟県田上町",22/10/12
"梅護寺の数珠掛ザクラ","天然記念物","新潟県京ヶ瀬村",27/04/08
"極楽寺の野中ザクラ","天然記念物","新潟県上川村",27/04/08
"将軍スギ","天然記念物","新潟県三川村",27/04/08
"笹川流","名勝・天然記念物","新潟県山北町",27/09/05
"筥堅八幡宮社叢","天然記念物","新潟県山北町",28/01/31
"小木の御所ザクラ","天然記念物","新潟県小木町",28/11/30
"小山田ヒガンザクラ樹林","天然記念物","新潟県五泉市",28/11/30
"佐渡国分寺跡","史跡","新潟県真野町",29/12/17
"鵜川神社の大ケヤキ","天然記念物","新潟県柏崎市",30/02/28
"菖蒲塚古墳","史跡","新潟県巻町",30/04/25
"橡平サクラ樹林","天然記念物","新潟県加治川村",34/01/22
"佐渡海府海岸","名勝","新潟県相川町・両津市",34/05/01
"佐渡小木海岸","天然記念物・名勝","新潟県小木町",34/05/01
"春日山城跡","史跡","新潟県上越市",35/08/27
"虫川の大スギ","天然記念物","新潟県浦川原村",37/04/17
"貞観園","名勝","新潟県高柳町",37/06/15
"田代の七ツ釜","名勝・天然記念物","新潟県津南町・中里村",37/06/15
"能生白山神社社叢","天然記念物","新潟県能生町",37/12/21
"平根崎の波蝕甌穴群","天然記念物","新潟県相川町",40/07/12
"清津峡","名勝・天然記念物","新潟県湯沢町・中里村",41/04/23
"月潟の類産ナシ","天然記念物","新潟県月潟村",41/11/13
"天神社の大スギ","天然記念物","新潟県妙高高原町",41/11/13
"能生ヒメハルゼミ発生地","天然記念物","新潟県能生町",42/10/14
"羽吉の大クワ","天然記念物","新潟県両津市",42/10/14
"水原のハクチョウ渡来地","天然記念物","新潟県水原町・笹神村",53/11/14
"小滝川硬玉産地","天然記念物","新潟県糸魚川市",56/06/29
"青海川の硬玉産地","天然記念物","新潟県青海町",57/02/22
"渡辺氏庭園","名勝","新潟県関川村",63/10/11
"旧新潟税関","史跡","新潟県新潟市",69/06/20
"笠堀のカモシカ生息地","天然記念物","新潟県下田村",71/05/13
"長者ヶ原遺跡","史跡","新潟県糸魚川市",71/05/27
"粟島のオオミズナギドリおよびウミウ繁殖地","天然記念物","新潟県粟島浦村",72/07/12
"水科古墳群","史跡","新潟県三和村・牧村",76/05/06
"宮口古墳群","史跡","新潟県牧村",76/05/06
"下国府遺跡","史跡","新潟県真野町",76/06/21
"斐太遺跡","史跡","新潟県新井市",77/07/16
"観音平・天神堂古墳群","史跡","新潟県新井市",78/03/24
"沖ノ原遺跡","史跡","新潟県津南町",78/05/11
"平林城跡","史跡","新潟県神林村",78/09/18
"藤橋遺跡","史跡","新潟県長岡市",78/10/13
"馬高・三十稲場遺跡","史跡","新潟県長岡市",79/02/21
"坂戸城跡","史跡","新潟県六日町",79/03/12
"下谷地遺跡","史跡","新潟県柏崎市",79/06/04
"室谷洞窟","史跡","新潟県上川村",80/02/04
"宮川神社社叢","天然記念物","新潟県柏崎市",80/03/14
"寺地遺跡","史跡","新潟県青海町",80/12/05
"小瀬ヶ沢洞窟","史跡","新潟県上川村",82/12/03
"長者ヶ平遺跡","史跡","新潟県小木町",84/07/21
"奥山荘城館遺跡","史跡","新潟県中条町",84/10/03
"村上城跡","史跡","新潟県村上市",93/06/08
"佐渡金山遺跡","史跡","新潟県相川町",94/05/24
"八幡林官衙遺跡","史跡","新潟県和島村",95/03/17
"朝日貝塚","史跡","富山県氷見市",22/03/08
"大境洞窟住居跡","史跡","富山県氷見市",22/03/08
"ホタルイカ群遊海面","特別天然記念物","富山県富山市・魚津市",22/03/08
"十二町潟オニバス発生地","天然記念物","富山県氷見市",23/03/07
"上日寺のイチョウ","天然記念物","富山県氷見市",26/10/20
"脇谷のトチノキ","天然記念物","富山県利賀村",26/10/20
"大岩日石寺石仏","史跡","富山県上市町",26/10/20
"桜谷古墳","史跡","富山県高岡市",34/12/28
"宮崎鹿島樹叢","天然記念物","富山県朝日町",36/12/16
"魚津埋没林","特別天然記念物","富山県魚津市",36/12/16
"飯久保の瓢箪＊石","天然記念物","富山県氷見市",41/01/27
"猪谷の背斜・向斜","天然記念物","富山県細入村",41/10/03
"立山の山崎圏谷","天然記念物","富山県立山町",45/02/22
"薬師岳の圏谷群","特別天然記念物","富山県大山町",45/02/22
"王塚古墳","史跡","富山県婦中町",48/01/14
"黒部峡谷附猿飛ならびに奥鐘山","特別名勝・特別天然記念物","富山県立山町・宇奈月町",56/09/07
"越中五箇山相倉集落","史跡","富山県平村",70/12/04
"越中五箇山菅沼集落","史跡","富山県上平村",70/12/04
"高瀬遺跡","史跡","富山県井波町",72/03/22
"称名滝","名勝・天然記念物","富山県立山町",73/05/29
"杉沢の沢スギ","天然記念物","富山県入善町",73/08/04
"不動堂遺跡","史跡","富山県朝日町",74/12/23
"串田新遺跡","史跡","富山県大門町",76/09/20
"じょうべのま遺跡","史跡","富山県入善町",79/05/14
"安田城跡","史跡","富山県婦中町",81/02/23
"直坂遺跡","史跡","富山県大沢野町",81/04/11
"北代遺跡","史跡","富山県富山市",84/01/04
"小杉丸山遺跡","史跡","富山県小杉町",90/03/08
"柳田布尾山古墳","史跡","富山県氷見市",01/01/29
"兼六園","特別名勝","石川県金沢市",22/03/08
"篠原のキンメイチク","天然記念物","石川県加賀市",27/04/08
"栢野の大スギ","天然記念物","石川県山中町",28/11/30
"那谷寺庫裡庭園","名勝","石川県小松市",29/04/02
"成巽閣庭園","名勝","石川県金沢市",29/04/02
"法皇山横穴古墳","史跡","石川県加賀市",29/12/17
"狐山古墳","史跡","石川県加賀市",32/04/19
"七尾城跡","史跡","石川県七尾市",34/12/28
"御仏供スギ","天然記念物","石川県吉野谷村",38/08/08
"鹿島の森","天然記念物","石川県加賀市",38/08/08
"末松廃寺跡","史跡","石川県野々市町",39/09/07
"山科の大桑層化石産地と甌穴","天然記念物","石川県金沢市",41/01/27
"曽々木海岸","名勝・天然記念物","石川県輪島市",42/03/07
"堂形のシイノキ","天然記念物","石川県金沢市",43/08/24
"松月寺のサクラ","天然記念物","石川県金沢市",43/08/24
"八幡神社の大スギ","天然記念物","石川県山中町",43/08/24
"岩間の噴泉塔群","特別天然記念物","石川県尾口村",54/12/25
"手取川流域の珪化木産地","天然記念物","石川県白峰村",57/07/10
"気多神社社叢","天然記念物","石川県羽咋市",67/05/02
"東大寺領横江荘荘家跡","史跡","石川県松任市",72/03/14
"能登国分寺跡附建物群跡","史跡","石川県七尾市",74/12/23
"和田山・末寺山古墳群","史跡","石川県寺井町",75/03/18
"須須神社社叢","天然記念物","石川県珠洲市",75/06/26
"御経塚遺跡","史跡","石川県野々市町",77/03/08
"石動山","史跡","石川県鹿島町",78/10/25
"九谷磁器窯跡","史跡","石川県山中町",79/10/23
"須曽蝦夷穴古墳","史跡","石川県能登島町",81/01/27
"散田金谷古墳","史跡","石川県志雄町",82/01/16
"上山田貝塚","史跡","石川県宇ノ気町",82/03/29
"雨の宮古墳群","史跡","石川県鹿西町",82/10/12
"吉崎・次場遺跡","史跡","石川県羽咋市",83/12/15
"鳥越城跡附二曲城跡","史跡","石川県鳥越村",85/09/03
"チカモリ遺跡","史跡","石川県金沢市",87/02/23
"真脇遺跡","史跡","石川県能都町",89/01/09
"太田の大トチノキ","天然記念物","石川県白峰村",93/04/06
"秋常山古墳群","史跡","石川県寺井町",99/01/14
"白米の千枚田","名勝","石川県輪島市",01/01/29
"上時国氏庭園","名勝","石川県輪島市",01/01/29
"時国氏庭園","名勝","石川県輪島市",01/01/29
"燈明寺畷新田義貞戦歿伝説地","史跡","福井県福井市",24/12/09
"常神のソテツ","天然記念物","福井県三方町",24/12/09
"気比の松原","名勝","福井県敦賀市",28/06/28
"滝谷寺庭園","名勝","福井県三国町",29/12/17
"一乗谷朝倉氏遺跡","特別史跡","福井県福井市・美山町",30/07/08
"一乗谷朝倉氏庭園附南陽寺跡庭園","特別名勝","福井県福井市",30/07/08
"丸岡藩砲台跡","史跡","福井県三国町",30/08/25
"旧玄成院庭園","名勝","福井県勝山市",30/10/03
"小浜神社の九本ダモ","天然記念物","福井県小浜市",31/03/30
"万徳寺のヤマモミジ","天然記念物","福井県小浜市",31/06/03
"万徳寺庭園","名勝","福井県小浜市",32/03/25
"西福寺書院庭園","名勝","福井県敦賀市",32/04/19
"伊藤氏庭園","名勝","福井県今庄町",32/04/19
"柴田氏庭園","名勝","福井県敦賀市",32/04/19
"若狭蘇洞門","名勝","福井県小浜市",34/01/22
"金ヶ崎城跡","史跡","福井県敦賀市",34/03/13
"杣山城跡","史跡","福井県南条町・今庄町",34/03/13
"本願清水イトヨ生息地","天然記念物","福井県大野市",34/05/01
"武田耕雲斎等墓","史跡","福井県敦賀市",34/12/28
"東尋坊","天然記念物・名勝","福井県三国町",35/06/07
"アラレガコ生息地","天然記念物","福井県大野市・福井市・他",35/06/07
"専福寺の大ケヤキ","天然記念物","福井県大野市",35/06/07
"白山平泉寺旧境内","史跡","福井県勝山市",35/08/27
"杉森神社のオハツキイチョウ","天然記念物","福井県高浜町",35/08/27
"西塚古墳","史跡","福井県上中町",35/12/24
"上ノ塚古墳","史跡","福井県上中町",35/12/24
"中塚古墳","史跡","福井県上中町",35/12/24
"上船塚古墳","史跡","福井県上中町",35/12/24
"下船塚古墳","史跡","福井県上中町",35/12/24
"三方五湖","名勝","福井県三方町・美浜町",37/06/15
"蒼島暖地性植物群落","天然記念物","福井県小浜市",51/06/09
"王山古墳群","史跡","福井県鯖＊江市",67/06/22
"吉崎御坊跡","史跡","福井県金津町",75/02/13
"若狭国分寺跡","史跡","福井県小浜市",76/12/23
"城福寺庭園","名勝","福井県武生市",77/02/02
"梅田氏庭園","名勝","福井県池田町",77/03/14
"兜山古墳","史跡","福井県鯖＊江市",77/08/10
"手繰ヶ城山古墳","史跡","福井県松岡町・永平寺町",77/12/05
"岡津製塩遺跡","史跡","福井県小浜市",79/05/21
"養浩館(旧御泉水屋敷)庭園","名勝","福井県福井市",82/07/26
"中郷古墳群","史跡","福井県敦賀市",88/03/23
"六呂瀬山古墳群","史跡","福井県丸岡町",90/05/16
"後瀬山城跡","史跡","福井県小浜市",97/05/23
"小浜藩松ヶ瀬台場跡","史跡","福井県大飯町",01/01/29
"甲斐国分寺跡","史跡","山梨県一宮町",22/10/12
"山高神代ザクラ","天然記念物","山梨県武川村",22/10/12
"御岳昇仙峡","特別名勝","山梨県甲府市・敷島町",23/03/07
"富士山原始林","天然記念物","山梨県上九一色村・鳴沢村",26/02/24
"山ノ神のフジ","天然記念物","山梨県富士吉田市",28/01/31
"精進の大スギ","天然記念物","山梨県上九一色村",28/01/31
"躑躅原レンゲツツジおよびフジザクラ群落","天然記念物","山梨県富士吉田市",37/03/03
"三恵の大ケヤキ","天然記念物","山梨県若草町",37/11/30
"上沢寺のオハツキイチョウ","天然記念物","山梨県身延町",29/04/02
"本国寺のオハツキイチョウ","天然記念物","山梨県身延町",29/04/02
"西湖蝙蝠穴およびコウモリ","天然記念物","山梨県足和田村",29/12/17
"富士風穴","天然記念物","山梨県上九一色村",29/12/17
"本栖風穴","天然記念物","山梨県上九一色村",29/12/17
"神座風穴附蒲鉾穴および眼鏡穴","天然記念物","山梨県鳴沢村",29/12/17
"大室洞穴","天然記念物","山梨県鳴沢村",29/12/17
"富岳風穴","天然記念物","山梨県上九一色村",29/12/17
"竜宮洞穴","天然記念物","山梨県足和田村",29/12/17
"鳴沢氷穴","天然記念物","山梨県鳴沢村",29/12/17
"鳴沢熔岩樹型","特別天然記念物","山梨県鳴沢村",29/12/17
"吉田胎内樹型","天然記念物","山梨県富士吉田市",29/12/17
"船津胎内樹型","天然記念物","山梨県河口湖町",29/12/17
"銚子塚古墳附丸山塚古墳","史跡","山梨県中道町",30/02/28
"猿橋","名勝","山梨県大月市",32/03/25
"雁ノ穴","天然記念物","山梨県富士吉田市",32/10/19
"万休院の舞鶴マツ","天然記念物","山梨県武川村",34/01/22
"忍野八海","天然記念物","山梨県忍野村",34/05/01
"燕岩岩脈","天然記念物","山梨県甲府市",34/12/28
"美森の大ヤマツツジ","天然記念物","山梨県大泉村",35/06/07
"身延町ブッポウソウ繁殖地","天然記念物","山梨県身延町",37/12/21
"武田氏館跡","史跡","山梨県甲府市",38/05/30
"八木沢のオハツキイチョウ","天然記念物","山梨県身延町",40/07/12
"恵林寺庭園","名勝","山梨県塩山市",44/06/26
"上野原の大ケヤキ","天然記念物","山梨県上野原町",44/11/13
"甲斐国分尼寺跡","史跡","山梨県一宮町",49/07/13
"古長禅寺のビャクシン","天然記念物","山梨県甲西町",53/11/14
"根古屋神社の大ケヤキ","天然記念物","山梨県須玉町",58/05/15
"山中のハリモミ純林","天然記念物","山梨県山中湖村",63/01/18
"新府城跡","史跡","山梨県韮崎市",73/07/21
"勝沼氏館跡","史跡","山梨県勝沼町",81/05/28
"金生遺跡","史跡","山梨県大泉村",83/02/07
"甲西の大カシワ","天然記念物","山梨県甲西町",83/12/15
"要害山","史跡","山梨県甲府市",91/03/30
"谷戸城跡","史跡","山梨県大泉村",93/11/29
"向嶽寺庭園","名勝","山梨県塩山市",94/06/06
"甲斐金山遺跡　黒川金山　中山金山","史跡","山梨県塩山市・下部町",97/09/02
"白山城跡","史跡","山梨県韮崎市",01/01/29
"新倉の糸魚川−静岡構造線","天然記念物","山梨県早川町",01/08/13
"東内のシダレエノキ","天然記念物","長野県丸子町",20/07/17
"小野のシダレグリ自生地","天然記念物","長野県辰野町",20/07/17
"西内のシダレグリ自生地","天然記念物","長野県丸子町",20/07/17
"岩村田ヒカリゴケ産地","天然記念物","長野県佐久市",21/03/03
"テングノムギメシ産地","天然記念物","長野県小諸市",21/03/03
"白骨温泉の噴湯丘と球状石灰石","特別天然記念物","長野県安曇村",22/03/08
"新野のハナノキ自生地","天然記念物","長野県阿南町",22/10/12
"高瀬渓谷の噴湯丘と球状石灰石","天然記念物","長野県大町市",22/10/12
"寝覚の床","名勝","長野県上松町",23/03/07
"八ヶ岳キバナシャクナゲ自生地","天然記念物","長野県南牧村",23/03/07
"渋の地獄谷噴泉","天然記念物","長野県山ノ内町",27/04/08
"上高地","特別名勝・特別天然記念物","長野県安曇村",28/03/24
"中房温泉の膠状珪酸および珪華","天然記念物","長野県穂高町",28/10/04
"松本城","史跡","長野県松本市",30/11/19
"信濃国分寺跡","史跡","長野県上田市",30/11/19
"戌立石器時代住居跡","史跡","長野県東部町",33/02/28
"寺ノ浦石器時代住居跡","史跡","長野県小諸市",33/02/28
"天竜峡","名勝","長野県飯田市",34/01/22
"竜岡城跡","史跡","長野県臼田町",34/05/01
"上田城跡","史跡","長野県上田市",34/12/28
"三岳のブッポウソウ繁殖地","天然記念物","長野県三岳村",35/06/07
"素桜神社の神代ザクラ","天然記念物","長野県長野市",35/12/24
"四阿山の的岩","天然記念物","長野県真田町",40/02/10
"横川の蛇石","天然記念物","長野県辰野町",40/07/12
"尖石石器時代遺跡","特別史跡","長野県茅野市",42/10/14
"上之段石器時代遺跡","史跡","長野県茅野市",42/10/14
"月瀬の大スギ","天然記念物","長野県根羽村",44/11/13
"平出遺跡","史跡","長野県塩尻市",52/03/29
"旧文武学校","史跡","長野県長野市",53/03/31
"十三崖のチョウゲンボウ繁殖地","天然記念物","長野県中野市",53/11/14
"小林一茶旧宅","史跡","長野県信濃町",57/05/08
"霧ヶ峰湿原植物群落","天然記念物","長野県諏訪市・下諏訪町",60/06/10
"井戸尻遺跡","史跡","長野県富士見町",66/06/21
"大深山遺跡","史跡","長野県川上村",66/06/21
"光前寺庭園","名勝","長野県駒ヶ根市",67/05/10
"旧中込学校","史跡","長野県佐久市",69/04/12
"森将軍塚古墳","史跡","長野県更埴市",71/03/16
"黒岩山","天然記念物","長野県飯山市",71/07/05
"高遠城跡","史跡","長野県高遠町",73/05/26
"弘法山古墳","史跡","長野県松本市",76/02/20
"佐野遺跡","史跡","長野県山ノ内町",76/12/25
"川柳将軍塚古墳・姫塚古墳","史跡","長野県長野市",77/07/14
"鳥羽山洞窟","史跡","長野県丸子町",78/01/27
"福島関跡","史跡","長野県木曽福島町",79/03/13
"阿久遺跡","史跡","長野県原村",79/07/02
"松代城跡附新御殿跡","史跡","長野県長野市",81/04/11
"神坂峠遺跡","史跡","長野県阿智村",81/09/04
"梨久保遺跡","史跡","長野県岡谷市",84/01/11
"栃原岩陰遺跡","史跡","長野県北相木村",87/05/25
"中山道","史跡","長野県和田村・南木曽町",87/10/03
"松代藩主真田家墓所","史跡","長野県長野市",87/12/25
"矢出川遺跡","史跡","長野県南牧村",95/02/13
"小黒川のミズナラ","天然記念物","長野県清内路村",96/09/04
"大室古墳群","史跡","長野県長野市",97/07/28
"駒形遺跡","史跡","長野県茅野市",98/01/16
"姨捨（田毎の月）","名勝","長野県更埴市",99/05/10
"星糞峠黒曜石原産地遺跡","史跡","長野県長門町",01/01/29
"坂本のハナノキ自生地","天然記念物","岐阜県中津川市",20/07/17
"美濃国分寺跡","史跡","岐阜県大垣市",21/03/03
"竹原のシダレグリ自生地","天然記念物","岐阜県下呂町",21/03/03
"根尾谷淡墨ザクラ","天然記念物","岐阜県根尾村",22/10/12
"富田ハナノキ自生地","天然記念物","岐阜県岩村町",22/10/12
"釜戸ハナノキ自生地","天然記念物","岐阜県釜戸町",22/10/12
"越原ハナノキ自生地","天然記念物","岐阜県東白川村",22/10/12
"揖斐二度ザクラ","天然記念物","岐阜県大野町",23/03/07
"石徹白のスギ","特別天然記念物","岐阜県白鳥町",24/12/09
"粥川ウナギ生息地","天然記念物","岐阜県美並村",24/12/09
"加子母のスギ","天然記念物","岐阜県加子母村",24/12/09
"オオサンショウウオ生息地","天然記念物","岐阜県和良村・八幡町",27/04/08
"根尾谷断層","特別天然記念物","岐阜県根尾村",27/06/14
"霞間ヶ渓(サクラ)","名勝・天然記念物","岐阜県池田町",28/02/17
"久津八幡神社の夫婦スギ","天然記念物","岐阜県萩原町",28/11/30
"禅昌寺の大スギ","天然記念物","岐阜県萩原町",29/04/02
"千光寺の五本スギ","天然記念物","岐阜県丹生川村",29/04/02
"中將姫誓願ザクラ","天然記念物","岐阜県岐阜市",29/04/02
"飛騨＊国分寺塔跡","史跡","岐阜県高山市",29/12/17
"高山陣屋跡","史跡","岐阜県高山市",29/12/17
"神淵神社の大スギ","天然記念物","岐阜県七宗町",30/02/28
"垂井一里塚","史跡","岐阜県垂井町",30/10/03
"楓谷のヤマモミジ樹林","天然記念物","岐阜県美濃市",30/11/19
"関ヶ原古戦場附徳川家康最初陣地　徳川家康最後陣地　石田三成陣地岡山烽火場　大谷吉隆墓　東首塚　西首塚","史跡","岐阜県関ヶ原町",31/03/30
"一之瀬のホンシャクナゲ群落","天然記念物","岐阜県上石津町",31/07/31
"オオサンショウウオ生息地","天然記念物","岐阜県大和村",33/02/28
"鬼岩","名勝・天然記念物","岐阜県御嵩町・日吉町",34/01/22
"美濃の壺石","天然記念物","岐阜県土岐市",34/01/22
"傘岩","天然記念物","岐阜県恵那市",34/01/22
"神ノ御杖スギ","天然記念物","岐阜県美並村",34/05/01
"琴塚古墳","史跡","岐阜県岐阜市",34/08/09
"洲原神社ブッポウソウ繁殖地","天然記念物","岐阜県美濃市",35/06/07
"垂洞のシダレモミ","天然記念物","岐阜県付知町",37/12/21
"乙塚古墳附段尻巻古墳","史跡","岐阜県土岐市",38/12/14
"油島千本松締切堤","史跡","岐阜県海津町",40/07/12
"根尾谷の菊花石","特別天然記念物","岐阜県根尾村",41/12/13
"白山神社のハナノキおよびヒトツバタゴ","天然記念物","岐阜県土岐市",43/02/19
"大山の大スギ","天然記念物","岐阜県白川町",43/08/24
"飛騨＊国分寺の大イチョウ","天然記念物","岐阜県高山市",53/03/31
"長塚古墳","史跡","岐阜県可児市",56/05/15
"野古墳群","史跡","岐阜県大野町",57/07/10
"弥勒寺跡附丸山古窯跡","史跡","岐阜県関市・美濃市",49/03/02
"飛水峡の甌穴群","天然記念物","岐阜県七宗町",61/07/06
"福地の化石産地","天然記念物","岐阜県上宝村",62/01/12
"元屋敷陶器窯跡","史跡","岐阜県土岐市",67/12/11
"永保寺庭園","名勝","岐阜県多治見市",69/04/12
"臥竜のサクラ","天然記念物","岐阜県宮村",73/05/26
"一位森八幡神社社叢","天然記念物","岐阜県高根村",75/06/26
"赤保木瓦窯跡","史跡","岐阜県高山市",76/11/09
"久々利のサクライソウ自生地","天然記念物","岐阜県可児市",78/08/15
"老洞・朝倉須恵器窯跡","史跡","岐阜県岐阜市",79/05/31
"江馬氏城館跡　下館跡　高原諏訪城跡　土城跡　寺林城跡　政元城跡　洞城跡　石神城跡","史跡","岐阜県神岡町",80/03/21
"堂之上遺跡","史跡","岐阜県久々野町",80/03/24
"苗木城跡","史跡","岐阜県中津川市",81/04/22
"加納城跡","史跡","岐阜県岐阜市",83/10/28
"東氏館跡庭園","名勝","岐阜県大和村",87/06/13
"治郎兵衛のイチイ","天然記念物","岐阜県荘川村",94/01/25
"昼飯大塚古墳","史跡","岐阜県大垣市",00/09/06
"正家廃寺跡","史跡","岐阜県恵那市",01/08/13
"新居関跡","特別史跡","静岡県新居町",21/03/03
"韮山反射炉","史跡","静岡県韮山町",22/03/03
"錦田一里塚","史跡","静岡県三島市",22/03/08
"三保松原","名勝","静岡県清水市",22/03/08
"万野風穴","天然記念物","静岡県富士宮市",22/03/08
"駒門風穴","天然記念物","静岡県御殿場市",22/03/08
"狩宿の下馬ザクラ","特別天然記念物","静岡県富士宮市",22/10/12
"遠江国分寺跡","特別史跡","静岡県磐田市",23/03/07
"竜華寺のソテツ","天然記念物","静岡県清水市",24/12/09
"能満寺のソテツ","天然記念物","静岡県吉田町",24/12/09
"印野の熔岩隧道","天然記念物","静岡県御殿場市",27/04/08
"大瀬崎のビャクシン樹林","天然記念物","静岡県沼津市",32/07/25
"熊野の長フジ","天然記念物","静岡県豊田町",32/07/25
"葛＊見神社の大クス","天然記念物","静岡県伊東市",33/02/28
"阿豆佐和気神社の大クス","天然記念物","静岡県熱海市",33/02/28
"山中城跡","史跡","静岡県三島市・函南町",34/01/22
"地震動の擦痕","天然記念物","静岡県伊豆長岡町",34/01/22
"三島神社のキンモクセイ","天然記念物","静岡県三島市",34/05/01
"八幡野八幡宮・来宮神社社叢","天然記念物","静岡県伊東市",34/08/09
"手石の弥陀ノ岩屋","天然記念物","静岡県南伊豆町",34/12/28
"丹那断層","天然記念物","静岡県函南町",35/06/07
"堂ヶ島天窓洞","天然記念物","静岡県西伊豆町",35/08/27
"柴屋寺庭園","名勝・史跡","静岡県静岡市",36/09/03
"清見寺庭園","名勝","静岡県清水市",36/09/03
"臨済寺庭園","名勝","静岡県静岡市",36/09/03
"竜潭寺庭園","名勝","静岡県引佐町",36/09/03
"白糸ノ滝","名勝・天然記念物","静岡県富士宮市",36/09/03
"新町の大ソテツ","天然記念物","静岡県河津町",36/09/03
"杉桙別命神社の大クス","天然記念物","静岡県河津町",36/12/16
"伊豆西南海岸","名勝","静岡県松崎町・西伊豆町・南伊豆町",37/06/15
"八幡神社のイスノキ","天然記念物","静岡県下田市",41/02/28
"白羽の風蝕礫産地","天然記念物","静岡県御前崎町",43/08/24
"三岳城跡","史跡","静岡県引佐町",44/03/07
"湧玉池","特別天然記念物","静岡県富士宮市",44/11/07
"伊古奈比■命神社のアオギリ自生地","天然記念物","静岡県下田市",45/02/22
"了仙寺","史跡","静岡県下田市",51/06/09
"玉泉寺","史跡","静岡県下田市",51/06/09
"登呂遺跡","特別史跡","静岡県静岡市",52/03/29
"ナチシダ自生北限地","天然記念物","静岡県河津町",53/03/31
"賤機山古墳","史跡","静岡県静岡市",53/03/31
"北浜の大カヤノキ","天然記念物","静岡県浜北市",54/03/20
"楽寿園","天然記念物・名勝","静岡県三島市",54/03/20
"伊豆国分寺塔跡","史跡","静岡県三島市",56/05/15
"銚子塚古墳附小銚子塚古墳","史跡","静岡県磐田市",56/11/07
"浅間古墳","史跡","静岡県富士市",57/07/01
"蜆塚遺跡","史跡","静岡県浜松市",59/05/13
"久能山","史跡","静岡県静岡市",59/06/17
"日本平","名勝","静岡県清水市",59/06/17
"智満寺の十本スギ","天然記念物","静岡県島田市",62/06/29
"片山廃寺跡","史跡","静岡県静岡市",65/09/07
"島田宿大井川川越遺跡","史跡","静岡県島田市",66/08/01
"旧見付学校附磐田文庫","史跡","静岡県磐田市",69/04/12
"神子元島燈台","史跡","静岡県下田市",69/07/25
"願成就院跡","史跡","静岡県韮山町",73/02/14
"京丸のアカヤシオおよびシロヤシオ群生地","天然記念物","静岡県春野町",74/11/26
"千居遺跡","史跡","静岡県富士宮市",75/06/26
"高天神城跡","史跡","静岡県大東町",75/10/16
"諏訪原城跡","史跡","静岡県金谷町",75/11/25
"柏谷横穴群","史跡","静岡県函南町",76/02/20
"北江間横穴群","史跡","静岡県伊豆長岡町",76/12/27
"上白岩遺跡","史跡","静岡県中伊豆町",78/01/27
"休場遺跡","史跡","静岡県沼津市",79/01/24
"御前崎のウミガメ及びその産卵地","天然記念物","静岡県御前崎町",80/03/06
"志太郡衙跡","史跡","静岡県藤枝市",80/10/22
"横須賀城跡","史跡","静岡県大須賀町",81/05/08
"伝堀越御所跡","史跡","静岡県韮山町",84/10/08
"新豊院山古墳群","史跡","静岡県磐田市",87/07/03
"長浜城跡","史跡","静岡県沼津市",88/05/13
"興国寺城跡","史跡","静岡県沼津市",95/03/17
"和田岡古墳群","史跡","静岡県掛川市",96/03/29
"北条氏邸跡","史跡","静岡県韮山町",96/09/05
"蓮着寺のヤマモモ","天然記念物","静岡県伊東市",99/01/14
"大知波峠廃寺跡","史跡","静岡県湖西市",01/01/29
"御厨古墳群","史跡","静岡県磐田市",01/01/03
"百々陶器窯跡","史跡","愛知県田原町",22/03/08
"三河国分寺跡","史跡","愛知県豊川市",22/10/12
"三河国分尼寺跡","史跡","愛知県豊川市",22/10/12
"川宇連ハナノキ自生地","天然記念物","愛知県豊根村",22/10/12
"木曽川堤(サクラ)","名勝・天然記念物","愛知県江南市・一宮市",27/08/11
"小牧山","史跡","愛知県小牧市",27/10/26
"二子古墳","史跡","愛知県安城市",27/10/26
"姫小川古墳","史跡","愛知県安城市",27/10/26
"北野廃寺跡","史跡","愛知県岡崎市",29/12/17
"大山廃寺跡","史跡","愛知県小牧市",29/12/17
"舞木廃寺塔跡","史跡","愛知県豊田市",29/12/17
"長篠城跡","史跡","愛知県鳳来町",29/12/17
"清田の大クス","天然記念物","愛知県蒲郡市",29/12/17
"八百富神社社叢","天然記念物","愛知県蒲郡市",30/08/25
"猿投山の球状花崗岩","天然記念物","愛知県豊田市",31/02/20
"八幡山古墳","史跡","愛知県名古屋市昭和区",31/05/11
"鳳来寺山","名勝・天然記念物","愛知県鳳来町",31/07/31
"神明社の大シイ","天然記念物","愛知県西尾市",32/04/19
"名古屋城のカヤ","天然記念物","愛知県名古屋市中区",32/07/25
"名古屋城跡","特別史跡","愛知県名古屋市中区",32/12/12
"阿寺の七滝","名勝・天然記念物","愛知県鳳来町",34/01/22
"乳岩および乳岩峡","天然記念物・名勝","愛知県鳳来町",34/01/22
"鵜の山ウ繁殖地","天然記念物","愛知県美浜町",34/01/22
"羽豆神社の社叢","天然記念物","愛知県南知多町",34/01/22
"馬背岩","天然記念物","愛知県鳳来町",34/05/01
"岡崎ゲンジボタル発生地","天然記念物","愛知県岡崎市",35/12/24
"正法寺古墳","史跡","愛知県吉良町",36/12/16
"二子山古墳","史跡","愛知県春日井市",36/12/16
"阿野一里塚","史跡","愛知県豊明市",36/12/16
"桶狭間古戦場伝説地附戦人塚","史跡","愛知県豊明市",37/12/21
"富田一里塚","史跡","愛知県尾西市",37/12/21
"大平一里塚","史跡","愛知県岡崎市",37/12/21
"小堤西池のカキツバタ群落","天然記念物","愛知県刈谷市",38/08/08
"大高城跡附丸根砦跡　鷲津砦跡","史跡","愛知県名古屋市緑区",38/12/14
"牛久保のナギ","天然記念物","愛知県豊川市",38/12/14
"長久手古戦場附御旗山　首塚　色金山","史跡","愛知県長久手町",39/09/07
"大曲輪貝塚","史跡","愛知県名古屋市瑞穂区",41/01/27
"大嶋ナメクジウオ生息地","天然記念物","愛知県蒲郡市",41/03/27
"黄柳野ツゲ自生地","天然記念物","愛知県鳳来町",44/03/07
"杉本の貞観スギ","天然記念物","愛知県旭町",44/06/26
"御油のマツ並木","天然記念物","愛知県豊川市",44/11/07
"吉胡貝塚","史跡","愛知県田原町",51/12/26
"石巻山石灰岩地植物群落","天然記念物","愛知県豊橋市",52/10/11
"名古屋城二之丸庭園","名勝","愛知県名古屋市中区",53/03/31
"入海貝塚","史跡","愛知県東浦町",53/11/14
"瓜郷遺跡","史跡","愛知県豊橋市",53/11/14
"宮山原始林","天然記念物","愛知県渥美町",54/03/20
"嵩山蛇穴","史跡","愛知県豊橋市",57/07/01
"伊良湖東大寺瓦窯跡","史跡","愛知県渥美町",67/12/11
"椛のシデコブシ自生地","天然記念物","愛知県渥美町",70/06/19
"大アラコ古窯跡","史跡","愛知県田原町",71/01/12
"小長曽陶器窯跡","史跡","愛知県瀬戸市",71/07/13
"貝殻山貝塚","史跡","愛知県清洲町",71/12/15
"甘泉寺のコウヤマキ","天然記念物","愛知県作手村",72/05/26
"白鳥塚古墳","史跡","愛知県名古屋市守山区",72/11/06
"東之宮古墳","史跡","愛知県犬山市",75/07/19
"真宮遺跡","史跡","愛知県岡崎市",76/06/07
"青塚古墳","史跡","愛知県犬山市",83/02/08
"断夫山古墳","史跡","愛知県名古屋市熱田区",87/07/09
"松平氏遺跡","史跡","愛知県豊田市",00/02/04
"御墓山古墳","史跡","三重県上野市",21/03/03
"本居宜長旧宅・同宅跡","特別史跡","三重県松阪市",22/03/08
"伊勢国分寺跡","史跡","三重県鈴鹿市",22/10/12
"東阿倉川イヌナシ自生地","天然記念物","三重県四日市市",22/10/12
"西阿倉川アイナシ自生地","天然記念物","三重県四日市市",22/10/12
"長楽山廃寺跡","史跡","三重県上野市",23/03/07
"旧豊宮崎文庫","史跡","三重県伊勢市",23/03/07
"白子不断ザクラ","天然記念物","三重県鈴鹿市",23/03/07
"離宮院跡","史跡","三重県小俣町",24/12/09
"赤目の峡谷","名勝","三重県名張市",25/10/08
"不動院ムカデラン群落","天然記念物","三重県松阪市",27/04/08
"鬼ヶ城暖地性シダ群落","天然記念物","三重県南勢町",28/01/18
"細谷暖地性シダ群落","天然記念物","三重県南勢町",28/01/18
"旧崇広堂","史跡","三重県上野市",30/11/19
"宝塚古墳","史跡","三重県松阪市",32/04/25
"高倉神社のシブナシガヤ","天然記念物","三重県上野市",32/07/25
"果号寺のシブナシガヤ","天然記念物","三重県上野市",32/07/25
"廃補陀落寺町石","史跡","三重県上野市",33/02/28
"野村一里塚","史跡","三重県亀山市",34/01/22
"椋本の大ムク","天然記念物","三重県芸濃町",34/01/22
"熊野の鬼ヶ城附獅子巖","天然記念物・名勝","三重県熊野市",35/12/24
"本居宣長墓(山室山)","史跡","三重県松阪市",36/09/03
"本居宣長墓(樹敬寺)附本居春庭墓","史跡","三重県松阪市",36/09/03
"霧山城跡","史跡","三重県美杉村",36/09/03
"北畠氏館跡庭園","名勝・史跡","三重県美杉村",36/09/03
"斎宮のハナショウブ群落","天然記念物","三重県明和町",36/12/16
"九木神社樹叢","天然記念物","三重県九鬼町",37/04/17
"金生水沼沢植物群落","天然記念物","三重県鈴鹿市",37/04/17
"三多気のサクラ","名勝","三重県美杉村",42/07/21
"谷川士清墓","史跡","三重県津市",44/11/13
"御池沼沢植物群落","天然記念物","三重県四日市市",52/10/11
"明合古墳","史跡","三重県安濃町",52/10/11
"旧林崎文庫","史跡","三重県伊勢市",54/12/15
"大島暖地性植物群落","天然記念物","三重県紀伊長島町",57/07/10
"朝熊山経塚群","史跡","三重県伊勢市",66/04/15
"谷川士清旧宅","史跡","三重県津市",67/06/22
"上野城跡","史跡","三重県上野市",67/12/27
"王塚古墳","史跡","三重県鈴鹿市",70/05/11
"大杉谷","天然記念物","三重県宮川村",72/12/13
"向山古墳","史跡","三重県松阪市・嬉野町",75/06/26
"水池土器製作遺跡","史跡","三重県明和町",77/07/25
"美旗古墳群","史跡","三重県名張市",78/10/17
"斎宮跡","史跡","三重県明和町",79/03/27
"正法寺山荘跡","史跡","三重県関町",81/01/24
"長野氏城跡　長野城跡　東の城跡　中の城跡　西の城跡","史跡","三重県美里村",82/01/16
"阿坂城跡附高城跡　枳城跡","史跡","三重県松阪市",82/04/07
"赤城城跡及び田平子峠刑場跡","史跡","三重県紀和町・他",89/10/09
"夏見廃寺跡","史跡","三重県名張市",90/03/08
"庫蔵寺のコツブガヤ","天然記念物","三重県鳥羽市",93/06/08
"城之越遺跡","名勝・史跡","三重県上野市",93/10/29
"天白遺跡","史跡","三重県嬉野町",00/04/11
"旧諸戸氏庭園","名勝","三重県桑名市",01/08/13
"茶臼山古墳・小茶臼山古墳","史跡","滋賀県大津市",21/03/03
"平松のウツクシマツ自生地","天然記念物","滋賀県甲西町",21/03/03
"南花沢のハナノキ","天然記念物","滋賀県湖東町",21/03/03
"北花沢のハナノキ","天然記念物","滋賀県湖東町",21/03/03
"藤樹書院跡","史跡","滋賀県安曇川町",22/03/08
"石山寺珪灰石","天然記念物","滋賀県大津市",22/03/08
"熊野のヒダリマキガヤ","天然記念物","滋賀県日野町",22/10/12
"紫香楽宮跡","史跡","滋賀県信楽町",26/10/20
"廃少菩提寺石多宝塔および石仏","史跡","滋賀県甲西町",26/10/20
"安土城跡","特別史跡","滋賀県安土町・能登川町",26/10/20
"了徳寺のオハツキイチョウ","天然記念物","滋賀県米原町",29/12/17
"竹生島","名勝・史跡","滋賀県びわ町",30/07/08
"北畠具行墓","史跡","滋賀県山東町",30/11/19
"鎌掛谷ホンシャクナゲ群落","天然記念物","滋賀県日野町",31/03/30
"清滝寺京極家墓所","史跡","滋賀県山東町",32/03/25
"円満院庭園","名勝・史跡","滋賀県大津市",34/12/28
"光浄院庭園","名勝・史跡","滋賀県大津市",34/12/28
"善法院庭園","名勝・史跡","滋賀県大津市",34/12/28
"浄信寺庭園","名勝","滋賀県木之本町",34/12/28
"大通寺含山軒および蘭亭庭園","名勝","滋賀県長浜市",34/12/28
"青岸寺庭園","名勝","滋賀県米原町",34/12/28
"胡宮神社社務所庭園","名勝","滋賀県多賀町",34/12/28
"多賀神社奥書院庭園","名勝","滋賀県多賀町",35/06/07
"旧秀隣寺庭園","名勝","滋賀県朽木村",35/12/24
"小谷城跡","史跡","滋賀県湖北町・浅井町",37/04/17
"崇福寺跡","史跡","滋賀県大津市",41/01/27
"大岩山古墳群","史跡","滋賀県野洲町",41/12/13
"醒井峡谷","名勝","滋賀県米原町",41/12/13
"綿向山麓の接触変質地帯","天然記念物","滋賀県日野町",42/09/19
"鎌掛の屏風岩","天然記念物","滋賀県日野町",43/08/24
"長岡のゲンジボタルおよびその発生地","特別天然記念物","滋賀県山東町",44/03/07
"息長ゲンジボタル発生地","天然記念物","滋賀県近江町",44/03/07
"垂水斎王頓宮跡","史跡","滋賀県土山町",44/06/26
"狛坂磨崖仏","史跡","滋賀県栗東町",44/06/26
"別所高師小僧","天然記念物","滋賀県日野町",44/11/13
"旧和中散本舗","史跡","滋賀県栗東町",49/07/13
"草津宿本陣","史跡","滋賀県草津市",49/07/13
"老蘇森","史跡","滋賀県安土町",49/07/13
"彦根城跡","特別史跡","滋賀県彦根市",51/06/09
"玄宮楽々園","名勝","滋賀県彦根市",51/06/09
"兵主神社庭園","名勝","滋賀県中主町",53/03/31
"瓢箪＊山古墳","史跡","滋賀県安土町",57/07/01
"南滋賀町廃寺跡","史跡","滋賀県大津市",57/10/11
"義仲寺境内","史跡","滋賀県大津市",67/11/20
"近江国庁跡附惣山遺跡・青江遺跡","史跡","滋賀県大津市",73/03/15
"大中の湖南遺跡","史跡","滋賀県安土町",73/04/14
"日吉神社境内","史跡","滋賀県大津市",73/10/09
"福田寺庭園","名勝","滋賀県近江町",74/11/26
"皇子山古墳","史跡","滋賀県大津市",74/12/09
"春日山古墳群","史跡","滋賀県大津市",74/12/23
"衣川廃寺跡","史跡","滋賀県大津市",77/03/08
"堂ノ上遺跡","史跡","滋賀県大津市",78/03/14
"近江大津宮錦織遺跡","史跡","滋賀県大津市",79/07/02
"居初氏庭園","名勝","滋賀県大津市",81/06/11
"観音寺城跡","史跡","滋賀県安土町・五個荘町",82/01/30
"野路小野山製鉄遺跡","史跡","滋賀県草津市",85/10/26
"西明寺本坊庭園","名勝","滋賀県甲良町",87/01/24
"金剛輪寺明壽院庭園","名勝","滋賀県秦荘町",90/08/04
"穴太廃寺跡","史跡","滋賀県大津市",97/09/11
"延暦寺坂本里坊庭園　雙厳院庭園・宝積院庭園・滋賀院門跡庭園・佛乗院庭園・旧白亳院庭園・旧竹林院庭園・蓮華院庭園・律院庭園・実蔵坊庭園・寿量院庭園","名勝","滋賀県大津市",98/12/08
"大角氏庭園","名勝","滋賀県栗東町",01/01/29
"函石浜遺物包含地","史跡","京都府久美浜町",21/03/03
"西寺跡","史跡","京都府京都市南区",21/03/03
"銚子山古墳第一・二古墳","史跡","京都府網野町",22/03/08
"天皇の杜古墳","史跡","京都府京都市西京区",22/03/08
"伊藤仁斎宅(古義堂)跡ならびに書庫","史跡","京都府京都市上京区",22/03/08
"頼山陽書斎(山紫水明処)","史跡","京都府京都市上京区",22/03/08
"荷田春満旧宅","史跡","京都府京都市伏見区",22/03/08
"平等院庭園","史跡・名勝","京都府宇治市",22/03/08
"大沢池附名古曽滝跡","名勝","京都府京都市右京区",22/03/08
"天橋立","特別名勝","京都府宮津市",22/03/08
"稗田野の菫青石仮晶","天然記念物","京都府亀岡市",22/03/08
"神明山古墳","史跡","京都府丹後町",23/03/07
"南禅院庭園","史跡・名勝","京都府京都市左京区",23/03/07
"西芳寺庭園","史跡・特別名勝","京都府京都市西京区",23/03/07
"天龍寺庭園","史跡・特別名勝","京都府京都市右京区",23/03/07
"大徳寺方丈庭園","史跡・特別名勝","京都府京都市北区",24/12/09
"真珠庵庭園","史跡・名勝","京都府京都市北区",24/12/09
"大仙院書院庭園","史跡・特別名勝","京都府京都市北区",24/12/09
"孤篷庵庭園","史跡・名勝","京都府京都市北区",24/12/09
"龍安寺方丈庭園","史跡・特別名勝","京都府京都市右京区",24/12/09
"御室(サクラ)","名勝","京都府京都市右京区",24/12/09
"オオミズナギドリ繁殖地","天然記念物","京都府舞鶴市",24/12/09
"鹿苑寺(金閣寺)庭園","特別史跡・特別名勝","京都府京都市北区",25/10/08
"慈照寺(銀閣寺)庭園","特別史跡・特別名勝","京都府京都市左京区",25/10/08
"嵐山","史跡・名勝","京都府京都市右京区・西京区",27/04/08
"醍醐寺三宝院庭園","特別史跡・特別名勝","京都府京都市伏見区",27/06/14
"高台寺庭園","史跡・名勝","京都府京都市東山区",27/06/14
"深泥池生物群集","天然記念物","京都府京都市北区",27/06/14
"石川丈山墓","史跡","京都府京都市左京区",28/01/18
"丹波国分寺跡附八幡神社跡","史跡","京都府亀岡市",28/02/17
"詩仙堂","史跡","京都府京都市左京区",28/03/28
"郷村断層","天然記念物","京都府網野町",29/12/17
"御土居","史跡","京都府京都市北区・中京区・上京区",30/07/08
"蛭子山古墳","史跡","京都府加悦町",30/07/08
"作山古墳","史跡","京都府加悦町",30/07/08
"丹後国分寺跡","史跡","京都府宮津市",30/10/03
"慈照寺(銀閣寺)旧境内","史跡","京都府京都市左京区",31/02/20
"妙心寺庭園","名勝・史跡","京都府京都市右京区",31/07/31
"玉鳳院庭園","名勝・史跡","京都府京都市右京区",31/07/31
"東海庵書院庭園","名勝・史跡","京都府京都市右京区",31/07/31
"霊雲院庭園","名勝・史跡","京都府京都市右京区",31/07/31
"退蔵院庭園","名勝・史跡","京都府京都市右京区",31/07/31
"桂春院庭園","名勝・史跡","京都府京都市右京区",31/07/31
"円山公園","名勝","京都府京都市東山区",31/10/21
"岩倉具視幽棲旧宅","史跡","京都府京都市左京区",32/03/25
"笠置山","史跡・名勝","京都府笠置町",32/04/19
"遊龍松","天然記念物","京都府京都市西京区",32/04/19
"琉璃渓","名勝","京都府園部町",32/10/19
"栗栖野瓦窯跡","史跡","京都府京都市左京区",34/01/22
"高瀬川一之船入","史跡","京都府京都市中京区",34/01/22
"教王護国寺境内","史跡","京都府京都市南区",34/03/13
"金胎寺境内","史跡","京都府和束町",34/03/13
"本願寺大書院庭園","特別名勝・史跡","京都府京都市下京区",34/12/28
"聖護院旧仮皇居","史跡","京都府京都市左京区",35/12/24
"神泉苑","史跡","京都府京都市中京区",35/12/24
"渉成園","名勝","京都府京都市下京区",36/12/16
"仁和寺御所跡","史跡","京都府京都市右京区",38/08/08
"大覚寺御所跡","史跡","京都府京都市右京区",38/08/08
"常照寺の九重ザクラ","天然記念物","京都府京北町",38/08/08
"大田ノ沢のカキツバタ群落","天然記念物","京都府京都市北区",39/09/07
"旧二条離宮(二条城)","史跡","京都府京都市中京区",39/11/30
"二条城二之丸庭園","特別名勝","京都府京都市中京区",39/11/30
"高麗寺跡","史跡","京都府山城町",40/08/30
"雙ヶ岡","名勝","京都府京都市右京区",41/11/13
"青蓮院旧仮御所","史跡","京都府京都市東山区",42/03/07
"金地院庭園","特別名勝","京都府京都市左京区",43/02/19
"成就院庭園","名勝","京都府京都市東山区",43/02/19
"東山洪積世植物遺体包含層","天然記念物","京都府京都市東山区",43/02/19
"智積院庭園","名勝","京都府京都市東山区",45/02/22
"酬恩庵庭園","名勝","京都府京田辺市",51/06/09
"南禅寺方丈庭園","名勝","京都府京都市左京区",51/06/09
"清風荘庭園","名勝","京都府京都市左京区",51/06/09
"無鄰庵庭園","名勝","京都府京都市左京区",51/06/09
"円通寺庭園","名勝","京都府京都市左京区",54/03/20
"曼殊院書院庭園","名勝","京都府京都市左京区",54/03/20
"大仙院庭園","名勝","京都府京都市北区",55/02/03
"龍安寺庭園","名勝","京都府京都市右京区",55/02/03
"山城国分寺跡","史跡","京都府加茂町",57/07/01
"産土山古墳","史跡","京都府丹後町",57/07/01
"松花堂およびその跡","史跡","京都府八幡市",57/07/01
"不審庵(表千家)庭園","名勝","京都府京都市上京区",57/07/10
"今日庵(裏千家)庭園","名勝","京都府京都市上京区",57/07/10
"燕庵庭園","名勝","京都府京都市下京区",57/07/10
"聚光院庭園","名勝","京都府京都市北区",58/06/12
"滴翠園","名勝","京都府京都市下京区",58/06/12
"長岡宮跡","史跡","京都府向日市",64/04/27
"浄瑠璃寺庭園","特別名勝・史跡","京都府加茂町",65/11/12
"高山寺境内","史跡","京都府京都市右京区",66/02/23
"随心院境内","史跡","京都府京都市山科区",66/06/21
"醍醐寺境内","史跡","京都府京都市伏見区",67/12/27
"船岡山","史跡","京都府京都市北区",68/02/15
"方広寺石塁および石塔","史跡","京都府京都市東山区",69/04/12
"妙心寺境内","史跡","京都府京都市右京区",69/10/29
"照福寺庭園","名勝","京都府綾部市",70/09/17
"樫原廃寺跡","史跡","京都府京都市西京区",71/03/01
"法金剛院青女滝附五位山","特別名勝","京都府京都市右京区",71/05/27
"大住車塚古墳","史跡","京都府京田辺市",74/06/11
"正道官衙遺跡","史跡","京都府城陽市",74/09/12
"旧円徳院庭園","名勝","京都府京都市東山区",75/01/21
"平川廃寺跡","史跡","京都府城陽市",75/11/25
"平安神宮神苑","名勝","京都府京都市左京区",75/12/10
"蛇塚古墳","史跡","京都府京都市右京区",77/05/04
"霊洞院庭園","名勝","京都府京都市東山区",77/06/01
"森山遺跡","史跡","京都府城陽市",78/02/08
"天塚古墳","史跡","京都府京都市右京区",78/03/03
"鳥羽殿跡","史跡","京都府京都市伏見区",78/07/17
"久津川車塚・丸塚古墳","史跡","京都府城陽市",79/01/19
"清滝川のゲンジボタル及びその生息地","天然記念物","京都府京都市右京区",79/02/14
"平安宮内裏内郭回廊跡","史跡","京都府京都市上京区",79/12/22
"恵解山古墳","史跡","京都府長岡京市",81/10/13
"千歳車塚古墳","史跡","京都府亀岡市",82/12/18
"賀茂御祖神社境内","史跡","京都府京都市左京区",83/03/29
"隼上り瓦窯跡","史跡","京都府宇治市",86/06/09
"本法寺庭園","名勝","京都府京都市上京区",86/06/16
"對龍山荘庭園","名勝","京都府京都市左京区",88/12/24
"芝ヶ原古墳","史跡","京都府城陽市",89/09/06
"平安宮豊楽殿跡","史跡","京都府京都市中京区",90/02/22
"聖塚・菖蒲塚古墳","史跡","京都府綾部市",92/05/06
"賀茂別雷神社境内","史跡","京都府京都市北区",93/09/22
"本願寺境内","史跡","京都府京都市下京区",94/03/23
"私市円山古墳","史跡","京都府綾部市",94/03/23
"椿井大塚山古墳","史跡","京都府山城町",00/09/06
"桜井駅跡(楠正成伝説地)","史跡","大阪府島本町",21/03/03
"高井田横穴","史跡","大阪府柏原市",22/03/08
"松岳山古墳","史跡","大阪府柏原市",22/03/08
"西陵古墳第一・第二古墳","史跡","大阪府岬町",22/03/08
"牧野車塚古墳","史跡","大阪府枚方市",22/03/08
"契沖旧庵(円珠庵)ならびに墓","史跡","大阪府大阪市天王寺区",22/03/08
"和泉葛＊城山ブナ林","天然記念物","大阪府貝塚市・岸和田市",23/03/07
"妙国寺のソテツ","天然記念物","大阪府堺市",24/12/09
"金剛寺境内","史跡","大阪府河内長野市",34/03/13
"観心寺境内","史跡","大阪府河内長野市",34/03/13
"千早城跡","史跡","大阪府千早赤阪村",34/03/13
"楠木城跡(上赤阪城跡)","史跡","大阪府千早赤阪村",34/03/13
"赤阪城跡","史跡","大阪府千早赤阪村",34/03/13
"薫蓋クス","天然記念物","大阪府門真市",38/05/30
"土佐十一烈士墓","史跡","大阪府堺市",38/08/08
"住吉行宮跡","史跡","大阪府大阪市住吉区",39/03/07
"百済寺跡","特別史跡","大阪府枚方市",41/01/27
"緒方洪庵旧宅および塾","史跡","大阪府大阪市",41/12/13
"野中寺旧伽藍跡","史跡","大阪府羽曳野市",44/11/07
"鹿谷寺跡","史跡","大阪府太子町",48/01/14
"岩屋","史跡","大阪府太子町",48/01/14
"野間の大ケヤキ","天然記念物","大阪府能勢町",48/01/14
"郡山宿本陣","史跡","大阪府茨木市",48/12/18
"四天王寺旧境内","史跡","大阪府大阪市天王寺区",51/06/09
"大坂城跡","特別史跡","大阪府大阪市",53/03/31
"土塔","史跡","大阪府堺市",53/03/31
"丸山古墳","史跡","大阪府貝塚市",56/05/15
"桜塚古墳群","史跡","大阪府豊中市",56/05/15
"摩湯山古墳","史跡","大阪府岸和田市",56/05/15
"いたすけ古墳","史跡","大阪府堺市",56/05/15
"古室山古墳群　古室山古墳　赤面山古墳　大鳥塚古墳　助太山古墳　鍋塚古墳","史跡","大阪府藤井寺市",56/09/22
"二子塚古墳","史跡","大阪府太子町",56/11/28
"箕面山","名勝","大阪府箕面市",56/12/28
"箕面山のサル生息地","天然記念物","大阪府箕面市",56/12/28
"通法寺跡","史跡","大阪府羽曳野市",57/07/01
"黒姫山古墳","史跡","大阪府美原町",57/10/24
"城山古墳","史跡","大阪府藤井寺市",58/01/21
"今城塚古墳附新池埴輪製作遺跡","史跡","大阪府高槻市",58/02/18
"長塚古墳","史跡","大阪府堺市",58/05/14
"収塚古墳","史跡","大阪府堺市",58/05/14
"塚廻古墳","史跡","大阪府堺市",58/05/14
"帝塚山古墳","史跡","大阪府大阪市住吉区",63/10/19
"難波宮跡","史跡","大阪府大阪市",64/05/02
"勝尾寺旧境内ぼう示八天石蔵及び町石","史跡","大阪府箕面市",66/01/28
"心合寺山古墳","史跡","大阪府八尾市",66/02/25
"文珠塚古墳","史跡","大阪府堺市",71/04/23
"嶋上郡衙跡附寺跡","史跡","大阪府高槻市",71/05/27
"吉志部瓦窯跡","史跡","大阪府吹田市",71/06/23
"禁野車塚古墳","史跡","大阪府枚方市",72/03/22
"旧堺燈台","史跡","大阪府堺市",72/07/12
"丸保山古墳","史跡","大阪府堺市",72/07/25
"日下貝塚","史跡","大阪府東大阪市",72/07/26
"石宝殿古墳","史跡","大阪府寝屋川市",73/05/10
"誉田白鳥埴輪製作遺跡","史跡","大阪府羽曳野市",73/06/02
"乳岡古墳","史跡","大阪府堺市",74/01/23
"峯ヶ塚古墳","史跡","大阪府羽曳野市",74/04/12
"国府遺跡","史跡","大阪府藤井寺市",74/06/25
"墓山古墳","史跡","大阪府羽曳野市・藤井寺市",75/02/22
"田辺廃寺跡","史跡","大阪府柏原市",75/07/19
"池上曽根遺跡","史跡","大阪府和泉市・泉大津市",76/04/26
"鴻池新田会所跡","史跡","大阪府東大阪市",76/12/25
"応神天皇陵古墳外濠外堤","史跡","大阪府羽曳野市",78/10/30
"鉢塚古墳","史跡","大阪府藤井寺市",79/12/22
"七尾瓦窯跡","史跡","大阪府吹田市",80/03/24
"高宮廃寺跡","史跡","大阪府寝屋川市",80/05/13
"観音塚古墳","史跡","大阪府羽曳野市",81/04/22
"竜泉寺庭園","名勝","大阪府富田林市",81/05/11
"普門寺庭園","名勝","大阪府高槻市",81/08/28
"南宗寺庭園","名勝","大阪府堺市",83/03/29
"阿武山古墳","史跡","大阪府高槻市・茨木市",83/08/30
"海会寺跡","史跡","大阪府泉南市",87/12/25
"四ッ池遺跡","史跡","大阪府堺市",89/09/22
"金山古墳","史跡","大阪府河南町",91/02/15
"安満遺跡","史跡","大阪府高槻市",93/11/19
"一須賀古墳群","史跡","大阪府河南町・太子町",94/10/07
"はざみ山古墳","史跡","大阪府藤井寺市",96/03/29
"日根荘遺跡","史跡","大阪府泉佐野市",98/12/08
"和田岬砲台","史跡","兵庫県神戸市兵庫区",21/03/03
"播磨国分寺跡","史跡","兵庫県姫路市",21/03/03
"五色塚(千壺)古墳・小壺古墳","史跡","兵庫県神戸市垂水区",21/03/03
"壇場山古墳第一・二・三古墳","史跡","兵庫県姫路市",21/03/03
"処女塚古墳","史跡","兵庫県神戸市東灘区",22/03/08
"西宮砲台","史跡","兵庫県西宮市",22/03/08
"大石良雄宅跡","史跡","兵庫県赤穂市",23/03/07
"生島樹林","天然記念物","兵庫県赤穂市",24/12/09
"日置のハダカガヤ","天然記念物","兵庫県篠山市",25/10/08
"淡路国道マツ並木","天然記念物","兵庫県三原町",26/02/24
"八代の大ケヤキ","天然記念物","兵庫県朝来町",28/03/24
"姫路城跡","特別史跡","兵庫県姫路市",28/09/20
"慶野松原","名勝","兵庫県西淡町",28/10/13
"玄武洞","天然記念物","兵庫県豊岡市",31/02/20
"觜崎ノ屏風岩","天然記念物","兵庫県新宮町・龍野市",31/10/21
"但島御火浦","名勝・天然記念物","兵庫県浜坂町・香住町",34/01/22
"円教寺境内","史跡","兵庫県姫路市",34/03/13
"神戸丸山衝上断層","天然記念物","兵庫県神戸市長田区",37/12/21
"香住海岸","名勝","兵庫県香住町",38/05/30
"鎧袖","天然記念物","兵庫県香住町",38/05/30
"竹田城跡","史跡","兵庫県和田山町",43/09/08
"玉丘古墳群","史跡","兵庫県加西市",43/09/08
"楠木正成墓碑","史跡","兵庫県神戸市中央区",51/06/09
"多田院","史跡","兵庫県川西市",51/06/09
"淡路国分寺塔跡","史跡","兵庫県三原町",51/06/09
"畑上の大トチノキ","天然記念物","兵庫県豊岡市",51/06/09
"建屋のヒダリマキガヤ","天然記念物","兵庫県養父町",51/06/09
"糸井の大カツラ","天然記念物","兵庫県和田山町",51/06/09
"口大屋の大アベマキ","天然記念物","兵庫県大屋町",51/06/09
"樽見の大ザクラ","天然記念物","兵庫県大屋町",51/06/09
"篠山城跡","史跡","兵庫県篠山市",56/12/28
"竜野のカタシボ竹林","天然記念物","兵庫県龍野市",58/05/15
"伊丹廃寺跡","史跡","兵庫県伊丹市",66/03/22
"大中遺跡","史跡","兵庫県播磨町",67/06/22
"田能遺跡","史跡","兵庫県尼崎市・伊丹市",69/06/30
"柏原藩陣屋跡","史跡","兵庫県柏原町",71/01/06
"赤穂城跡","史跡","兵庫県赤穂市",71/03/31
"西条古墳群","史跡","兵庫県加古川市",73/06/18
"三ツ塚廃寺跡","史跡","兵庫県市島町",76/12/25
"瓢塚古墳","史跡","兵庫県姫路市",78/03/24
"吉島古墳","史跡","兵庫県新宮町",78/05/22
"有岡城跡","史跡","兵庫県伊丹市",79/12/28
"安養院庭園","名勝","兵庫県神戸市垂水区",80/02/19
"広渡廃寺跡","史跡","兵庫県小野市",80/12/05
"新宮宮内遺跡","史跡","兵庫県新宮町",82/06/03
"田淵氏庭園","名勝","兵庫県赤穂市",87/05/25
"黒井城跡","史跡","兵庫県春日町",89/08/11
"旧大岡寺庭園","名勝","兵庫県日高町",89/09/22
"但馬国分寺跡","史跡","兵庫県日高町",90/12/26
"箕谷古墳群","史跡","兵庫県八鹿町",92/12/18
"追手神社のモミ","天然記念物","兵庫県丹南町",94/03/23
"赤松氏城跡　白旗城跡 感状山城跡　置塩城跡","史跡","兵庫県相生市・上郡町",96/03/28
"山名氏城跡　此隅山城跡　有子山城跡","史跡","兵庫県出石町",96/11/13
"八木城跡","史跡","兵庫県八鹿町",97/03/06
"野島断層","天然記念物","兵庫県北淡町",98/07/31
"洲本城跡","史跡","兵庫県洲本市",99/01/14
"中山荘園古墳","史跡","兵庫県宝塚市",99/01/28
"加茂遺跡","史跡","兵庫県川西市",00/07/31
"大安寺旧境内","史跡","奈良県奈良市",21/03/03
"山田寺跡","特別史跡","奈良県桜井市",21/03/03
"川原寺跡","史跡","奈良県明日香村",21/03/03
"大官大寺跡","史跡","奈良県明日香村",21/03/03
"本薬師寺跡","特別史跡","奈良県橿原市",21/03/03
"宇智川磨崖碑","史跡","奈良県五條市",21/03/03
"行基墓","史跡","奈良県生駒市",21/03/03
"宮山古墳","史跡","奈良県御所市",21/03/03
"北山十八間戸","史跡","奈良県奈良市",21/03/03
"頭塔","史跡","奈良県奈良市",22/03/08
"奈良公園","名勝","奈良県奈良市",22/03/08
"月瀬梅林","名勝","奈良県月ヶ瀬村",22/03/08
"平城宮跡","特別史跡","奈良県奈良市",22/10/12
"仏経岳原始林","天然記念物","奈良県上北山村・天川村",22/10/12
"文殊院西古墳","特別史跡","奈良県桜井市",23/03/07
"牽牛子塚古墳","史跡","奈良県明日香村",23/03/07
"知足院ナラヤエザクラ","天然記念物","奈良県奈良市",23/03/07
"春日神社境内ナギ樹林","天然記念物","奈良県奈良市",23/03/07
"春日山石窟仏","史跡","奈良県奈良市",24/12/09
"地獄谷石窟仏","史跡","奈良県奈良市",24/12/09
"吉野山","史跡・名勝","奈良県吉野町",24/12/09
"春日山原始林","特別天然記念物","奈良県奈良市",24/12/09
"森野旧薬園","史跡","奈良県大宇陀町",26/02/24
"毛原廃寺跡","史跡","奈良県山添村",26/10/20
"粟原寺跡","史跡","奈良県桜井市",27/04/08
"巨勢寺塔跡","史跡","奈良県御所市",27/04/08
"高宮廃寺跡","史跡","奈良県御所市",27/04/08
"比曽寺跡","史跡","奈良県大淀町",27/04/08
"西山古墳","史跡","奈良県天理市",27/04/08
"巣山古墳","特別史跡","奈良県広陵町",27/04/08
"花山塚古墳","史跡","奈良県桜井市",27/04/08
"中尾山古墳","史跡","奈良県明日香村",27/04/08
"菖蒲池古墳","史跡","奈良県橿原市",27/04/08
"酒船石","史跡","奈良県明日香村",27/04/08
"オオヤマレンゲ自生地","天然記念物","奈良県天川村・大塔村",28/02/07
"妹山樹叢","天然記念物","奈良県吉野町",28/03/24
"室生山暖地性シダ群落","天然記念物","奈良県室生村",28/11/30
"額田部窯跡","史跡","奈良県大和郡山市",29/04/02
"三ノ公川トガサワラ原始林","天然記念物","奈良県川上村",29/12/17
"向淵スズラン群落","天然記念物","奈良県室生村",30/11/19
"吐山スズラン群落","天然記念物","奈良県都祁村",30/11/19
"松山西口関門","史跡","奈良県大宇陀町",31/11/26
"ルーミスシジミ生息地","天然記念物","奈良県奈良市",32/03/25
"シシンラン群落","天然記念物","奈良県上北山村",32/04/19
"三井瓦窯跡","史跡","奈良県斑鳩町",32/04/25
"元興寺塔跡","史跡","奈良県奈良市",32/04/25
"八ツ房スギ","天然記念物","奈良県菟田野町",32/04/25
"東大寺旧境内","史跡","奈良県奈良市",32/07/23
"東大寺東南院旧境内","史跡","奈良県奈良市",34/03/13
"金剛山","史跡","奈良県御所市",34/03/13
"当麻寺中之坊庭園","名勝・史跡","奈良県當麻町",34/05/01
"大野寺石仏","史跡","奈良県室生村",34/11/10
"慈光院庭園","名勝・史跡","奈良県大和郡山市",34/12/28
"屏風岩、兜岩および鎧岩","天然記念物","奈良県曽爾村",34/12/28
"石舞台古墳","特別史跡","奈良県明日香村",35/12/24
"鶯塚古墳","史跡","奈良県奈良市",36/09/03
"栄山寺行宮跡","史跡","奈良県五條市",38/12/14
"藤原武智磨墓","史跡","奈良県五條市",40/07/12
"三井","史跡","奈良県斑鳩町",44/06/26
"藤原宮跡","特別史跡","奈良県橿原市",46/11/21
"カザグルマ自生地","天然記念物","奈良県大宇陀町",48/01/14
"法隆寺旧境内","史跡","奈良県斑鳩町",51/06/09
"高取城跡","史跡","奈良県高取町",53/03/31
"天王山古墳","史跡","奈良県桜井市",54/12/25
"乙女山古墳","史跡","奈良県河合町",56/11/07
"大塚山古墳群　大塚山古墳　城山古墳　高山塚一号古墳　高山塚二号古墳　高山塚三号古墳　高山塚四号古墳　九僧塚古墳　丸山古墳","史跡","奈良県河合町",56/12/28
"二見の大ムク","天然記念物","奈良県五條市",57/05/08
"丹生川上中社のツルマンリョウ自生地","天然記念物","奈良県東吉野村",57/05/08
"櫛山古墳","史跡","奈良県天理市",57/06/19
"牧野古墳","史跡","奈良県広陵町",57/06/19
"宮滝遺跡","史跡","奈良県吉野町",57/07/01
"与喜山暖帯林","天然記念物","奈良県桜井市",57/12/18
"旧大乗院庭園","名勝","奈良県奈良市",58/05/15
"水泥古墳","史跡","奈良県御所市",61/07/06
"元興寺極楽坊境内","史跡","奈良県奈良市",65/02/22
"元興寺小塔院跡","史跡","奈良県奈良市",65/06/02
"西大寺境内","史跡","奈良県奈良市",65/06/04
"定林寺跡","史跡","奈良県明日香村",66/02/25
"飛鳥寺跡","史跡","奈良県明日香村",66/04/21
"橘寺境内","史跡","奈良県明日香村",66/04/21
"興福寺旧境内","史跡","奈良県奈良市",67/05/10
"唐招堤寺旧境内","史跡","奈良県奈良市",67/12/05
"岩屋山古墳","史跡","奈良県明日香村",68/05/11
"丸山古墳","史跡","奈良県橿原市",69/05/23
"小治田安萬侶墓","史跡","奈良県都祁村",69/11/29
"安倍寺跡","史跡","奈良県桜井市",70/03/11
"瓢箪＊山古墳","史跡","奈良県奈良市",71/05/27
"烏土塚古墳","史跡","奈良県平群町",71/07/30
"屋敷山古墳","史跡","奈良県新庄町",72/03/25
"伝飛鳥板蓋宮跡","史跡","奈良県明日香村",72/04/10
"高松塚古墳","特別史跡","奈良県明日香村",72/06/17
"桜井茶臼山古墳","史跡","奈良県桜井市",73/03/27
"平野塚穴山古墳","史跡","奈良県香芝市",73/06/18
"円成寺庭園","名勝","奈良県奈良市",73/10/09
"■墓古墳","史跡","奈良県桜井市",74/06/18
"塩塚古墳","史跡","奈良県奈良市",75/06/27
"依水園","名勝","奈良県奈良市",75/12/10
"飛鳥水落遺跡","史跡","奈良県明日香村",76/02/20
"新沢千塚古墳群","史跡","奈良県橿原市",76/03/31
"ナガレ山古墳","史跡","奈良県河合町",76/12/27
"珠城山古墳","史跡","奈良県桜井市",78/02/08
"藤原京朱雀大路跡","史跡","奈良県橿原市",78/10/04
"平城京左京三条二坊宮跡庭園","特別史跡・特別名勝","奈良県奈良市",78/10/27
"二塚古墳","史跡","奈良県新庄町",78/12/27
"飛鳥稲淵宮殿跡","史跡","奈良県明日香村",79/03/20
"太安萬侶墓","史跡","奈良県奈良市",80/02/19
"メスリ山古墳","史跡","奈良県桜井市",80/03/14
"市尾墓山古墳・宮塚古墳","史跡","奈良県高取町",81/03/31
"マルコ山古墳","史跡","奈良県明日香村",82/01/16
"茅原大墓古墳","史跡","奈良県桜井市",82/12/18
"正長元年柳生徳政碑","史跡","奈良県奈良市",83/05/19
"見田・大沢古墳群","史跡","奈良県菟田野町",83/08/17
"文祢麻呂墓","史跡","奈良県榛原町",84/04/05
"平城京朱雀大路跡","史跡","奈良県奈良市",84/05/07
"大神神社境内","史跡","奈良県桜井市",85/03/18
"春日大社境内","史跡","奈良県奈良市",85/03/18
"佐味田宝塚古墳","史跡","奈良県河合町",87/05/12
"中宮寺跡","史跡","奈良県斑鳩町",90/05/19
"藤ノ木古墳","史跡","奈良県斑鳩町",91/11/16
"赤土山古墳","史跡","奈良県天理市",92/12/15
"法起寺境内","史跡","奈良県斑鳩町",93/11/30
"薬師寺旧境内","史跡","奈良県奈良市",97/04/03
"唐古・鍵遺跡","史跡","奈良県田原本町",99/01/27
"キトラ古墳","史跡","奈良県明日香村",00/07/31
"法華寺旧境内、法華寺境内、阿弥陀浄土院跡","史跡","奈良県奈良市",01/01/29
"黒塚古墳","史跡","奈良県天理市",01/01/29
"法華寺庭園","名勝","奈良県奈良市",01/01/29
"飛鳥池工房遺跡","史跡","奈良県明日香村",01/08/13
"オオウナギ生息地","天然記念物","和歌山県白浜町",23/03/07
"橋杭岩","名勝・天然記念物","和歌山県古座町・串本町",24/12/09
"新宮藺沢浮島植物群落","天然記念物","和歌山県新宮市",27/04/08
"ユノミネシダ自生地","天然記念物","和歌山県本宮町",28/01/18
"紀伊国分寺跡","史跡","和歌山県打田町",28/02/07
"西国分塔跡","史跡","和歌山県岩出町",28/02/07
"那智原始林","天然記念物","和歌山県那智勝浦町",28/03/03
"白浜の化石漣痕","天然記念物","和歌山県白浜町",31/02/20
"白浜の泥岩岩脈","天然記念物","和歌山県白浜町",31/02/20
"和歌山城","史跡","和歌山県和歌山市",31/03/30
"明恵紀州遺跡率都婆","史跡","和歌山県有田市・湯浅町・吉備町・金屋町",31/06/03
"鳴神貝塚","史跡","和歌山県和歌山市",31/07/31
"岩橋千塚古墳群","特別史跡","和歌山県和歌山市",31/07/31
"三栖廃寺塔跡","史跡","和歌山県田辺市",35/12/24
"神島","天然記念物","和歌山県田辺市",35/12/24
"門前の大岩","天然記念物","和歌山県由良町",35/12/24
"高池の虫喰岩","天然記念物","和歌山県古座川町",35/12/24
"鳥巣半島の泥岩岩脈","天然記念物","和歌山県田辺市",36/09/03
"栗栖川亀甲石包含層","天然記念物","和歌山県中辺路町",37/06/15
"広村堤防","史跡","和歌山県広川町",38/12/14
"浜口梧陵墓","史跡","和歌山県広川町",38/12/14
"熊野速玉神社のナギ","天然記念物","和歌山県新宮市",40/02/10
"四箇郷一里塚","史跡","和歌山県和歌山市",40/07/12
"古座川の一枚岩","天然記念物","和歌山県古座川町",41/12/13
"上野廃寺跡","史跡","和歌山県和歌山市",51/06/09
"江須崎暖地性植物群落","天然記念物","和歌山県すさみ町",53/11/14
"根来寺庭園","名勝","和歌山県岩出町",58/05/15
"旧名手宿本陣","史跡","和歌山県那賀町",70/04/02
"粉河寺庭園","名勝","和歌山県粉河町",70/04/23
"天徳院庭園","名勝","和歌山県高野町",70/06/26
"高山寺貝塚","史跡","和歌山県田辺市",70/08/17
"稲積島暖地性植物群落","天然記念物","和歌山県すさみ町",71/03/01
"那智大滝","名勝","和歌山県那智勝浦町",72/07/11
"下里古墳","史跡","和歌山県那智勝浦町",76/02/24
"高野山町石","史跡","和歌山県高野町・かつらぎ町・九度山町",77/07/14
"金剛峯寺境内","史跡","和歌山県高野町",77/07/14
"大谷古墳","史跡","和歌山県和歌山市",78/11/15
"磯間岩陰遺跡","史跡","和歌山県田辺市",79/12/18
"和歌山藩主徳川家墓所","史跡","和歌山県下津町",81/05/28
"和歌山城西之丸庭園(紅葉渓庭園)","名勝","和歌山県和歌山市",85/11/17
"養翠園","名勝","和歌山県和歌山市",89/12/08
"熊野参詣道","史跡","和歌山県中辺路町・那智勝浦町・熊野川町・本宮町",00/11/02
"伊福吉部徳足比売墓跡","史跡","鳥取県国府町",24/12/09
"大山のダイセンキャラボク純林","特別天然記念物","鳥取県大山町",27/06/14
"浦富海岸","名勝・天然記念物","鳥取県岩美町",28/03/27
"三明寺古墳","史跡","鳥取県倉吉市",31/11/26
"岩井廃寺塔跡","史跡","鳥取県岩美町",31/11/26
"土師百井廃寺跡","史跡","鳥取県郡家町",31/11/26
"船上山行宮跡","史跡","鳥取県赤碕町",32/05/03
"向山古墳群","史跡","鳥取県淀江町",32/07/23
"キマダラルリツバメチョウ生息地","天然記念物","鳥取県鳥取市",34/05/01
"波波伎神社社叢","天然記念物","鳥取県倉吉市",34/05/01
"倉田八幡宮社叢","天然記念物","鳥取県鳥取市",34/05/01
"三徳山","名勝・史跡","鳥取県三朝町",34/07/07
"大野見宿禰命神社社叢","天然記念物","鳥取県鳥取市",34/08/09
"伯耆一宮経塚","史跡","鳥取県東郷町",35/12/24
"大原廃寺塔跡","史跡","鳥取県倉吉市",35/12/24
"斎尾廃寺跡","特別史跡","鳥取県東伯町",35/12/24
"栃本廃寺塔跡","史跡","鳥取県国府町",35/12/24
"伯耆の大シイ","天然記念物","鳥取県東伯町",37/04/17
"小鹿渓","名勝","鳥取県三朝町",37/12/08
"白兎神社樹叢","天然記念物","鳥取県鳥取市",37/12/08
"観音院庭園","名勝","鳥取県鳥取市",37/12/21
"尾崎氏庭園","名勝","鳥取県羽合町",37/12/21
"松上神社のサカキ樹林","天然記念物","鳥取県鳥取市",44/03/07
"唐川のカキツバタ群落","天然記念物","鳥取県岩美町",44/03/07
"鳥取砂丘","天然記念物","鳥取県鳥取市・福部村",55/02/03
"橋津古墳群","史跡","鳥取県羽合町",57/06/03
"船通山のイチイ","天然記念物","鳥取県日南町",57/07/27
"鳥取城跡附大閤ヶ平","史跡","鳥取県鳥取市",57/12/18
"福市遺跡","史跡","鳥取県米子市",70/10/17
"伯耆国分寺跡","史跡","鳥取県倉吉市",74/03/12
"布勢古墳","史跡","鳥取県鳥取市",74/12/23
"青木遺跡","史跡","鳥取県米子市",78/03/22
"因幡国庁跡","史跡","鳥取県国府町",78/07/21
"梶山古墳","史跡","鳥取県国府町",79/04/21
"北山古墳","史跡","鳥取県東郷町",80/06/03
"阿弥大寺古墳群","史跡","鳥取県倉吉市",81/05/11
"鳥取藩主池田家墓所","史跡","鳥取県国府町",81/10/13
"伯耆国庁跡附法華寺畑遺跡","史跡","鳥取県倉吉市",85/05/14
"鳥取藩台場跡　由良台場跡　境台場跡　淀江台場跡　橋津台場跡　浦富台場跡","史跡","鳥取県境港市・大栄町・羽合町・淀江町",88/07/29
"上淀廃寺跡","史跡","鳥取県淀江町",96/03/29
"妻木晩田遺跡","史跡","鳥取県大山町",99/12/22
"深田氏庭園","名勝","鳥取県米子市",00/12/20
"大御堂廃寺跡","史跡","鳥取県倉吉市",01/01/29
"出雲国分寺跡附古道","史跡","島根県松江市",21/03/03
"石見国分寺跡","史跡","島根県浜田市",21/03/03
"経島ウミネコ繁殖地","天然記念物","島根県大社町",22/03/08
"クロキヅタ産地","天然記念物","島根県西ノ島町・海士町",22/03/08
"出雲玉作跡","史跡","島根県玉湯町",22/10/12
"山代二子塚","史跡","島根県松江市",24/12/09
"大庭鶏塚","史跡","島根県松江市",24/12/09
"上塩冶築山古墳","史跡","島根県出雲市",24/12/09
"上塩冶地蔵山古墳","史跡","島根県出雲市",24/12/09
"今市大念寺古墳","史跡","島根県出雲市",24/12/09
"立久恵","名勝・天然記念物","島根県出雲市",27/04/08
"鬼舌振","名勝・天然記念物","島根県仁多町",27/04/08
"潜戸","名勝・天然記念物","島根県島根町",27/06/14
"菅田庵","史跡・名勝","島根県松江市",28/02/07
"高尾暖地性濶葉樹林","天然記念物","島根県西郷町",28/02/07
"万福寺庭園","史跡・名勝","島根県益田市",28/03/28
"医光寺庭園","史跡・名勝","島根県益田市",28/03/28
"玉若酢命神社の八百スギ","天然記念物","島根県西郷町",29/12/17
"大根島の熔岩隧道","特別天然記念物","島根県八束町",31/07/31
"宝塚古墳","史跡","島根県出雲市",31/11/26
"石見畳ヶ浦","天然記念物","島根県浜田市",32/03/25
"千丈渓","名勝","島根県桜江町・石見町",32/07/23
"築島の岩脈","天然記念物","島根県島根町",32/07/23
"多古の七ツ穴","天然記念物","島根県島根町",32/07/23
"岩屋寺の切開","天然記念物","島根県横田町",32/07/23
"徳連場古墳","史跡","島根県玉湯町",33/02/28
"丹花庵古墳","史跡","島根県松江市",33/02/28
"美保の北浦","名勝","島根県美保関町",33/02/28
"佐太・講武貝塚","史跡","島根県鹿島町",33/04/13
"富田城跡","史跡","島根県広瀬町",34/01/22
"隠岐国分寺境内","史跡","島根県西郷町",34/03/13
"安部谷古墳","史跡","島根県松江市",34/05/01
"松江城","史跡","島根県松江市",34/05/01
"日御碕の大ソテツ","天然記念物","島根県大社町",34/05/01
"三隅大平ザクラ","天然記念物","島根県三隅町",35/04/11
"大根島第二熔岩隧道","天然記念物","島根県八束町",35/06/07
"断魚渓","名勝","島根県石見町",35/12/24
"隠岐知夫赤壁","名勝・天然記念物","島根県知夫村",35/12/24
"波根西の珪化木","天然記念物","島根県大田市",36/09/03
"周布古墳","史跡","島根県浜田市",36/12/16
"荒島古墳群","史跡","島根県安来市",36/12/16
"安来一里塚","史跡","島根県安来市",36/12/16
"唐音の蛇岩","天然記念物","島根県益田市",36/12/16
"海潮のカツラ","天然記念物","島根県大東町",37/04/17
"下府廃寺塔跡","史跡","島根県浜田市",37/06/15
"伊志見一里塚","史跡","島根県宍道町",37/06/15
"出西・伊波野一里塚","史跡","島根県斐川町",37/06/15
"隠岐布施海岸","名勝","島根県布施村",38/05/30
"隠岐国賀海岸","名勝・天然記念物","島根県西ノ島町",38/05/30
"隠岐白島海岸","名勝・天然記念物","島根県西郷町",38/05/30
"隠岐海苔田ノ鼻","天然記念物・名勝","島根県西郷町",38/05/30
"星神島オオミズナギドリ繁殖地","天然記念物","島根県西ノ島町",38/05/30
"沖島オオミズナギドリ繁殖地","天然記念物","島根県西郷町",40/02/10
"小泉八雲旧居","史跡","島根県松江市",40/08/30
"山代方墳","史跡","島根県松江市",41/08/01
"スクモ塚古墳","史跡","島根県益田市",41/12/13
"津和野城跡","史跡","島根県津和野町",42/10/14
"権現山洞窟住居跡","史跡","島根県美保関町",42/10/14
"竹崎のカツラ","天然記念物","島根県横田町",43/08/24
"サルガ鼻洞窟住居跡","史跡","島根県美保関町",43/09/08
"岩屋寺跡古墳","史跡","島根県玉湯町",48/12/18
"岩舟古墳","史跡","島根県安来市",48/12/18
"金崎古墳群","史跡","島根県松江市",57/07/27
"上島古墳","史跡","島根県平田市",57/07/27
"猪目洞窟遺物包含層","史跡","島根県平田市",57/07/27
"松代鉱山の霰石産地","天然記念物","島根県大田市",59/07/24
"岡田山古墳","史跡","島根県松江市",65/04/09
"石見銀山遺跡","史跡","島根県大田市",69/04/14
"森鴎＊外旧宅","史跡","島根県津和野町",69/10/29
"三瓶山自然林","天然記念物","島根県大田市",69/11/29
"仲仙寺古墳群","史跡","島根県安来市",71/08/12
"出雲国府跡","史跡","島根県松江市",71/12/13
"石屋古墳","史跡","島根県松江市",79/04/06
"出雲国山代郷正倉跡","史跡","島根県松江市",80/12/05
"荒神谷遺跡","史跡","島根県斐川町",87/01/08
"西周旧居","史跡","島根県津和野町",87/07/20
"松江藩主松平家墓所","史跡","島根県松江市",96/03/29
"加茂岩倉遺跡","史跡","島根県加茂町",99/01/14
"西谷墳墓群","史跡","島根県出雲市",00/03/30
"田和山遺跡","史跡","島根県松江市",01/08/13
"造山古墳第一・二・三・四・五・六古墳","史跡","岡山県岡山市",21/03/03
"作山古墳第一古墳","史跡","岡山県総社市",21/03/03
"旧閑谷学校附椿山・石門・津田永忠宅跡および黄葉亭","特別史跡","岡山県備前市",22/03/08
"旧岡山藩藩学","史跡","岡山県岡山市",22/03/08
"院庄館跡(児島高徳伝説地)","史跡","岡山県津山市",22/03/08
"岡山後楽園","特別名勝","岡山県岡山市",22/03/08
"備中国分尼寺跡","史跡","岡山県総社市・山手村",22/10/12
"下道氏墓","史跡","岡山県矢掛町",23/03/07
"豪渓","名勝","岡山県総社市・賀陽町",23/03/07
"トラフダケ自生地","天然記念物","岡山県久世町・落合町",24/12/09
"大多羅寄宮跡","史跡","岡山県岡山市",27/04/08
"両宮山古墳","史跡","岡山県山陽町",27/04/08
"万富東大寺瓦窯跡","史跡","岡山県瀬戸町",27/04/08
"オオサンショウウオ生息地","天然記念物","岡山県湯原町・八束村・中和村・川上村",27/04/08
"菩提寺のイチョウ","天然記念物","岡山県奈義町",28/01/18
"惣爪塔跡","史跡","岡山県岡山市",28/02/07
"真金一里塚","史跡","岡山県岡山市",28/03/24
"カブトガニ繁殖地","天然記念物","岡山県笠岡市",28/03/24
"箭田大塚古墳","史跡","岡山県真備町",29/12/17
"四ッ塚古墳群","史跡","岡山県八束村",29/12/17
"高松城跡附水攻築堤跡","史跡","岡山県岡山市",29/12/17
"牟佐大塚古墳","史跡","岡山県岡山市",30/02/28
"神庭瀑","名勝","岡山県勝山町",30/07/08
"羅生門","天然記念物","岡山県新見市",30/08/25
"草間の間歇冷泉","天然記念物","岡山県新見市",30/08/25
"鬼ヶ岳","名勝","岡山県美星町・矢掛町",30/10/03
"下津井鷲羽山","名勝","岡山県倉敷市",30/11/19
"磐窟谷","名勝","岡山県川上町・備中町",31/07/31
"奥津渓","名勝","岡山県奥津町",32/04/19
"象岩","天然記念物","岡山県倉敷市",32/07/23
"福山城跡","史跡","岡山県山手村",36/12/16
"大賀の押被","天然記念物","岡山県川上町",37/06/15
"笠神の文字岩","史跡","岡山県備中町",41/02/21
"白石島の鎧岩","天然記念物","岡山県笠岡市",42/10/14
"白石島","名勝","岡山県笠岡市",43/02/19
"応神山","名勝","岡山県笠岡市",43/08/27
"湯原カジカガエル生息地","天然記念物","岡山県湯原町",44/06/26
"幡多廃寺塔跡","史跡","岡山県岡山市",44/11/07
"高島","名勝","岡山県笠岡市",44/11/07
"熊山遺跡","史跡","岡山県熊山町",56/09/27
"備中松山城跡","史跡","岡山県高梁市",56/11/07
"臥牛山のサル生息地","天然記念物","岡山県高梁市",56/12/28
"丸山古墳","史跡","岡山県備前市",57/10/11
"神宮寺山古墳","史跡","岡山県岡山市",59/05/13
"伊部南大窯跡","史跡","岡山県備前市",59/05/13
"津山城跡","史跡","岡山県津山市",63/09/28
"こうもり塚古墳","史跡","岡山県総社市",68/02/15
"備中国分寺跡","史跡","岡山県総社市",68/02/15
"津雲貝塚","史跡","岡山県笠岡市",68/05/11
"津島遺跡","史跡","岡山県岡山市",71/01/05
"賞田廃寺跡","史跡","岡山県岡山市",72/03/16
"尾上車山古墳","史跡","岡山県岡山市",72/07/29
"頼久寺庭園","名勝","岡山県高梁市",74/07/31
"浦間茶臼山古墳","史跡","岡山県岡山市",74/11/25
"箕作阮甫旧宅","史跡","岡山県津山市",75/03/18
"備前国分寺跡","史跡","岡山県山陽町",75/07/19
"本谷のトラフダケ自生地","天然記念物","岡山県久米町",76/06/16
"美和山古墳群","史跡","岡山県津山市",77/03/08
"三成古墳","史跡","岡山県久米町",79/10/23
"鯉ヶ窪湿生植物群落","天然記念物","岡山県哲西町",80/03/06
"楯築遺跡","史跡","岡山県倉敷市",81/12/09
"門田貝塚","史跡","岡山県邑久町",85/03/06
"寒風古窯跡群","史跡","岡山県牛窓町",86/02/05
"鬼城山","史跡","岡山県総社市",86/03/25
"岡山城跡","史跡","岡山県岡山市",87/05/30
"岡山藩主池田家墓所附津田永忠墓","史跡","岡山県岡山市",98/04/08
"厳島","特別史跡・特別名勝","広島県宮島町",23/03/07
"帝釈川の谷(帝釈峡)","名勝","広島県東城町・神石町",23/03/07
"鞆公園","名勝","広島県福山市・沼隈町",25/10/08
"三段峡","特別名勝","広島県戸河内町・芸北町",25/10/08
"ナメクジウオ生息地","天然記念物","広島県三原市",28/03/24
"彌山原始林","天然記念物","広島県宮島町",29/12/07
"スナメリクジラ廻遊海面","天然記念物","広島県竹原市",30/11/19
"アビ渡来群遊海面","天然記念物","広島県豊浜町",31/02/20
"御年代古墳","史跡","広島県本郷町",33/04/13
"廉塾ならびに菅茶山旧宅","特別史跡","広島県神辺町",34/01/22
"一宮(桜山慈俊挙兵伝説地)","史跡","広島県新市町",34/03/13
"沼田西のエヒメアヤメ自生南限地帯","天然記念物","広島県三原市",35/12/24
"安芸国分寺跡","史跡","広島県東広島市",36/09/03
"頼山陽居室","史跡","広島県広島市中区",36/09/03
"忠海八幡神社社叢","天然記念物","広島県竹原市",36/09/03
"縮景園","名勝","広島県広島市中区",40/07/12
"毛利氏城跡　多治比猿掛城跡　郡山城跡","史跡","広島県吉田町",40/08/30
"広島城跡","史跡","広島県広島市中区",53/03/31
"小早川氏城跡　高山城跡　新高山城跡　三原城跡","史跡","広島県三原市・本郷町",57/12/11
"熊野の大トチ","天然記念物","広島県西城町",58/02/06
"比婆山のブナ純林","天然記念物","広島県西城町・比和町",60/07/15
"船佐・山内逆断層帯","天然記念物","広島県高宮町・三次市・庄原市",61/05/06
"福山城跡","史跡","広島県福山市",64/02/07
"久井・矢野の岩海","天然記念物","広島県久井町・上下町",64/06/27
"押ヶ垰断層帯","天然記念物","広島県戸河内町・吉和村",65/07/01
"寄倉岩陰遺跡","史跡","広島県東城町",69/04/12
"宮の前廃寺跡","史跡","広島県福山市",69/05/27
"浄楽寺・七ッ塚古墳群","史跡","広島県三次市",72/10/12
"浄土寺庭園","名勝","広島県尾道市",77/05/07
"花園遺跡","史跡","広島県三次市",78/01/27
"横見廃寺跡","史跡","広島県本郷町",78/05/22
"矢谷古墳","史跡","広島県三次市",79/03/13
"三ッ城古墳","史跡","広島県東広島市",82/06/03
"寺町廃寺跡","史跡","広島県三次市",84/05/25
"吉川氏城館跡　　駿河丸城跡　小倉山城跡　日山城跡　吉川元春館跡","史跡","広島県大朝町・千代田町・豊平町",86/08/28
"雄橋","天然記念物","広島県東城町",87/05/12
"原爆ドーム(旧広島県産業奨励館)","史跡","広島県広島市中区",95/06/27
"中小田古墳群","史跡","広島県広島市安佐北区",96/11/11
"鏡山城跡","史跡","広島県東広島市",98/01/14
"大朝のテングシデ群落","天然記念物","広島県大朝町",00/09/06
"陣山墳墓群","史跡","広島県三次市",00/12/20
"八代のツルおよびその渡来地","特別天然記念物","山口県熊毛町",21/03/03
"錦帯橋","名勝","山口県岩国市",22/03/08
"秋芳洞","特別天然記念物","山口県秋芳町",22/03/08
"景清穴","天然記念物","山口県美東町",22/03/08
"松下村塾","史跡","山口県萩市",22/10/12
"吉田松陰幽囚の旧宅","史跡","山口県萩市",22/10/12
"川棚のクスの森","天然記念物","山口県豊浦町",22/10/12
"小郡町ナギ自生北限地帯","天然記念物","山口県小郡町",22/10/12
"長門峡","名勝","山口県阿東町・川上村",23/03/07
"中尾洞","天然記念物","山口県秋芳町",23/03/07
"大正洞","天然記念物","山口県美東町",23/03/07
"萩反射炉","史跡","山口県萩市",24/12/09
"明神池","天然記念物","山口県萩市",24/12/09
"共和のカシの森","天然記念物","山口県秋芳町",25/10/08
"向島タヌキ生息地","天然記念物","山口県防府市",26/02/24
"常栄寺庭園","史跡・名勝","山口県山口市",26/02/24
"笠山コウライタチバナ自生地","天然記念物","山口県萩市",26/02/24
"石柱渓","名勝・天然記念物","山口県豊田町",26/10/20
"青海島","名勝・天然記念物","山口県長門市",26/10/20
"満珠樹林","天然記念物","山口県下関市",26/10/20
"干珠樹林","天然記念物","山口県下関市",26/10/20
"大日比ナツミカン原樹","史跡・天然記念物","山口県長門市",27/04/08
"俵島","名勝・天然記念物","山口県油谷町",27/06/14
"平川の大スギ","天然記念物","山口県山口市",28/01/18
"法泉寺のシンパク","天然記念物","山口県山口市",28/01/18
"須佐湾","名勝・天然記念物","山口県須佐町",28/03/05
"大吼谷蝙蝠洞","天然記念物","山口県豊浦町",28/03/24
"見島ウシ産地","天然記念物","山口県萩市",28/09/20
"見島のカメ生息地","天然記念物","山口県萩市",28/09/20
"長門鋳銭所跡","史跡","山口県下関市",29/12/17
"明倫館水練池および有備館","史跡","山口県萩市",29/12/17
"大玉スギ","天然記念物","山口県徳山市",30/08/25
"小串エヒメアヤメ自生南限地帯","天然記念物","山口県豊浦町",30/11/19
"木戸孝允旧宅","史跡","山口県萩市",32/03/25
"伊藤博文旧宅","史跡","山口県萩市",32/03/25
"峨嵋山樹林","天然記念物","山口県光市",32/04/25
"余田臥竜梅","天然記念物","山口県柳井市",33/04/13
"六連島の雲母玄武岩","天然記念物","山口県下関市",34/01/22
"岩屋観音窟","天然記念物","山口県美川町",34/01/22
"高杉晋作墓","史跡","山口県下関市",34/05/01
"壁島ウ渡来地","天然記念物","山口県豊北町",34/05/01
"竜宮の潮吹","天然記念物・名勝","山口県油谷町",34/08/09
"敷山城跡","史跡","山口県防府市",35/06/07
"石城山神蘢石","史跡","山口県大和町",35/06/07
"大村益次郎墓","史跡","山口県山口市",35/12/24
"野谷石風呂","史跡","山口県徳地町",35/12/24
"青海島鯨墓","史跡","山口県長門市",35/12/24
"山口ゲンジボタル発生地","天然記念物","山口県山口市",35/12/24
"吉部の大岩郷","天然記念物","山口県楠町",35/12/24
"万倉の大岩郷","天然記念物","山口県美祢市",35/12/24
"南桑カジカガエル生息地","天然記念物","山口県美川町",36/09/03
"旧萩藩御船倉","史跡","山口県萩市",36/12/16
"須佐高山の磁石石","天然記念物","山口県須佐町",36/12/16
"周防国衙跡","史跡","山口県防府市",37/06/15
"佐波川関水","史跡","山口県徳地町",37/06/15
"狗留孫山","名勝","山口県豊田町",40/08/30
"村田清風旧宅および墓","史跡","山口県三隅町",41/08/01
"中山忠光墓","史跡","山口県下関市",41/08/01
"川上のユズおよびナンテン自生地","天然記念物","山口県川上村",41/08/01
"竜蔵寺のイチョウ","天然記念物","山口県山口市",42/07/21
"陶陶窯跡","史跡","山口県山口市",48/01/14
"茶臼山古墳","史跡","山口県柳井市",48/01/14
"大日古墳","史跡","山口県防府市",48/01/14
"萩城跡","史跡","山口県萩市",51/06/09
"安下庄のシナナシ","天然記念物","山口県楠町",54/03/20
"恩徳寺の結びイブキ","天然記念物","山口県豊北町",55/10/26
"出雲神社ツルマンリョウ自生地","天然記念物","山口県徳地町",57/02/22
"周防国分寺旧境内","史跡","山口県防府市",57/07/10
"木屋川・音信川ゲンジボタル発生地","天然記念物","山口県長門市・豊田町",57/10/16
"大内氏遺跡附凌雲寺跡","史跡","山口県山口市",59/11/27
"秋吉台","特別天然記念物","山口県秋芳町・美東町",61/10/29
"土井ヶ浜遺跡","史跡","山口県豊北町",62/06/21
"萩城城下町","史跡","山口県萩市",67/01/10
"綾羅木郷遺跡","史跡","山口県下関市",69/03/11
"指月山","天然記念物","山口県萩市",71/03/16
"周防鋳銭司跡","史跡","山口県山口市",73/03/13
"梶栗浜遺跡","史跡","山口県下関市",80/03/14
"萩藩主毛利家墓所","史跡","山口県萩市・山口市",81/05/11
"白須たたら製鉄遺跡","史跡","山口県阿武町",82/03/23
"朝田墳墓群","史跡","山口県山口市",82/04/30
"宗隣寺庭園","名勝","山口県宇部市",83/02/07
"見島ジーコンボ古墳群","史跡","山口県萩市",84/07/25
"萩往還","史跡","山口県萩市・山口市・防府市・旭村",89/09/22
"仁馬山古墳","史跡","山口県下関市",91/05/15
"周防灘干拓遺跡　高泊開作五挺唐樋　名田島新開作南蛮樋","史跡","山口県小野田市",96/03/28
"毛利氏庭園","名勝","山口県防府市",96/03/29
"常徳寺庭園","名勝","山口県阿東町",00/12/27
"弁天島熱帯性植物群落","天然記念物","徳島県阿南市",22/03/08
"母川のオオウナギ生息地","天然記念物","徳島県海部町",23/03/07
"加茂の大クス","特別天然記念物","徳島県三加茂町",26/10/20
"鳴門","名勝","徳島県鳴門市",31/02/20
"阿波の土柱","天然記念物","徳島県阿波町",34/05/01
"旧徳島城表御殿庭園","名勝","徳島県徳島市",41/12/13
"段の塚穴","史跡","徳島県美馬町",42/10/14
"乳保神社のイチョウ","天然記念物","徳島県上板町",44/11/07
"沢谷のタヌキノショクダイ発生地","天然記念物","徳島県木沢村",54/12/25
"野神の大センダン","天然記念物","徳島県阿波町",57/06/19
"大浜海岸のウミガメおよびその産卵地","天然記念物","徳島県日和佐町",67/08/16
"美郷のホタルおよびその発生地","天然記念物","徳島県美郷村",70/08/29
"出羽島大池のシラタマモ自生地","天然記念物","徳島県牟岐町",72/03/16
"阿波国分尼寺跡","史跡","徳島県石井町",73/04/14
"津島暖地性植物群落","天然記念物","徳島県牟岐町",73/04/23
"郡里廃寺跡","史跡","徳島県美馬町",76/03/22
"丹田古墳","史跡","徳島県三加茂町",77/07/16
"宍喰浦の化石漣痕","天然記念物","徳島県宍喰町",79/11/26
"鈴が峰のヤッコソウ発生地","天然記念物","徳島県宍喰町",79/11/26
"船窪のオンツツジ群落","天然記念物","徳島県山川町",85/10/26
"阿波国分寺庭園","名勝","徳島県徳島市",00/03/30
"勝瑞城館跡","史跡","徳島県藍住町",01/01/29
"栗林公園","特別名勝","香川県高松市",22/03/08
"府中・山内瓦窯跡","史跡","香川県坂出市・国分寺町",22/10/12
"宝生院のシンパク","特別天然記念物","香川県土庄町",22/10/12
"神懸山(寒霞渓)","名勝","香川県内海町",23/03/07
"誓願寺のソテツ","天然記念物","香川県池田町",24/12/09
"皇子神社社叢","天然記念物","香川県池田町",28/01/31
"讃岐国分尼寺跡","史跡","香川県国分寺町",28/02/07
"讃岐国分寺跡","特別史跡","香川県国分寺町",28/03/24
"二ノ宮窯跡","史跡","香川県高瀬町",32/04/25
"石清尾山古墳群","史跡","香川県高松市",34/01/22
"屋島","史跡・天然記念物","香川県高松市",34/11/10
"円上島の球状ノーライト","天然記念物","香川県観音寺市",34/12/28
"琴弾公園","名勝","香川県観音寺市",36/12/16
"絹島および丸亀島","天然記念物","香川県大内町",40/02/10
"鹿浦越のランプロファイア岩脈","天然記念物","香川県白鳥町",42/07/21
"城山","史跡","香川県坂出市・飯山町",51/06/09
"象頭山","名勝・天然記念物","香川県琴平町",51/06/09
"琴平町の大センダン","天然記念物","香川県琴平町",53/03/31
"丸亀城跡","史跡","香川県丸亀市",53/03/31
"高松城跡","史跡","香川県高松市",55/03/02
"塩飽勤番所跡","史跡","香川県丸亀市",70/07/22
"大坂城石垣石切丁場跡","史跡","香川県内海町",72/03/16
"菅生神社社叢","天然記念物","香川県山本町",78/10/30
"喜兵衛島製塩遺跡","史跡","香川県直島町",79/06/25
"天川神社社叢","天然記念物","香川県琴南町",80/12/17
"有岡古墳群","史跡","香川県善通寺市",84/11/29
"天霧城跡","史跡","香川県善通寺市・三野町",90/05/16
"富田茶臼山古墳","史跡","香川県大川町",93/07/26
"宗吉瓦窯跡","史跡","香川県三野町",96/09/10
"伊予国分寺塔跡","史跡","愛媛県今治市",21/03/03
"三崎のアコウ","天然記念物","愛媛県三崎町",21/03/03
"下柏の大柏(イブキ)","天然記念物","愛媛県伊予三島市",24/12/09
"往至森寺のキンモクセイ","天然記念物","愛媛県西条市",27/04/08
"面河渓","名勝","愛媛県面河村",33/02/28
"八釜の甌穴群","特別天然記念物","愛媛県柳谷村",34/05/01
"宇和島城","史跡","愛媛県宇和島市",37/12/21
"波止浜","名勝","愛媛県今治市・波方町",38/05/30
"砥部衝上断層","天然記念物","愛媛県砥部町",38/05/30
"志島ヶ原","名勝","愛媛県今治市",41/02/21
"千疋のサクラ","名勝","愛媛県玉川町",41/12/13
"大三島","名勝","愛媛県大三島町",42/09/19
"八幡神社のイブキ","天然記念物","愛媛県宇和島市",43/02/19
"法安寺跡","史跡","愛媛県小松町",44/03/07
"オキチモズク発生地","天然記念物","愛媛県川内町",44/06/26
"八幡山","名勝","愛媛県吉海町",44/11/07
"岩屋","名勝","愛媛県美川村",44/11/07
"古岩屋","名勝","愛媛県久万町",44/11/07
"北吉井のビャクシン","天然記念物","愛媛県重信町",48/12/18
"大山祇＊神社のクスノキ群","天然記念物","愛媛県大三島町",51/06/09
"新居浜一宮神社のクスノキ群","天然記念物","愛媛県新居浜市",51/06/09
"松山城跡","史跡","愛媛県松山市",52/03/29
"能島城跡","史跡","愛媛県宮窪町",53/03/31
"天赦園","名勝","愛媛県宇和島市",68/05/20
"上黒岩岩陰遺跡","史跡","愛媛県美川村",71/05/27
"保国寺庭園","名勝","愛媛県西条市",75/10/16
"来住廃寺跡","史跡","愛媛県松山市",79/04/21
"河後森城跡","史跡","愛媛県松野町",97/09/11
"タチバナ","天然記念物","高知県室戸市",21/03/03
"松尾のアコウ自生地","天然記念物","高知県土佐清水市",21/03/03
"土佐国分寺跡","史跡","高知県南国市",22/10/12
"大谷のクス","天然記念物","高知県須崎市",24/12/09
"杉の大スギ","特別天然記念物","高知県大豊町",24/12/09
"伊尾木洞のシダ群落","天然記念物","高知県安芸市",26/10/20
"平石の乳イチョウ","天然記念物","高知県土佐町",28/01/18
"八束のクサマルハチ自生地","天然記念物","高知県中村市",28/01/31
"入野松原","名勝","高知県大方町",28/02/17
"室戸岬亜熱帯性樹林および海岸植物群落","天然記念物","高知県室戸市",28/03/24
"室戸岬","名勝","高知県室戸市",28/06/27
"比江廃寺塔跡","史跡","高知県南国市",34/01/22
"竜河洞","天然記念物・史跡","高知県土佐山田町",34/12/28
"武市半平太旧宅および墓","史跡","高知県高知市",36/09/03
"天神の大スギ","天然記念物","高知県香我美町",43/02/19
"高知市のミカドアゲハおよびその生息地","特別天然記念物","高知県高知市",43/08/24
"仁井田のヒロハチシャノキ","天然記念物","高知県窪川町",43/08/24
"谷重遠墓","史跡","高知県土佐山田町",44/11/13
"土佐藩砲台跡","史跡","高知県須崎市",44/11/13
"唐船島の隆起海岸","天然記念物","高知県土佐清水市",53/11/14
"千尋岬の化石漣痕","天然記念物","高知県土佐清水市",53/11/14
"宿毛貝塚","史跡","高知県宿毛市",57/07/27
"高知城跡","史跡","高知県高知市",59/06/18
"不動ガ岩屋洞窟","史跡","高知県佐川町",78/12/19
"大引割・小引割","天然記念物","高知県仁淀村・東津野村",86/02/25
"水城跡","特別史跡","福岡県太宰府市・大野城市・春日市",21/03/03
"大宰府跡","特別史跡","福岡県太宰府市",21/03/03
"太宰府神社のクス","天然記念物","福岡県太宰府市",22/03/08
"日輪寺古墳","史跡","福岡県久留米市",22/03/08
"楠名・重定古墳","史跡","福岡県浮羽町",22/03/08
"湯蓋の森(クス)・衣掛の森(クス)","天然記念物","福岡県宇美町",22/03/08
"本庄のクス","天然記念物","福岡県築城町",22/03/08
"筑前国分寺跡","史跡","福岡県太宰府市",22/10/12
"国分瓦窯跡","史跡","福岡県太宰府市",22/10/12
"友枝瓦窯跡","史跡","福岡県大平村",22/10/12
"塚花塚古墳","史跡","福岡県浮羽町",22/10/12
"英彦山の鬼スギ","天然記念物","福岡県添田町",24/12/09
"沖の島原始林","天然記念物","福岡県大島村",26/10/20
"久喜宮のキンメイチク","天然記念物","福岡県杷木町",27/04/08
"古処山ツゲ原始林","特別天然記念物","福岡県甘木市・嘉穂町",27/04/08
"黒木のフジ","天然記念物","福岡県黒木町",28/01/31
"丸隈山古墳","史跡","福岡県福岡市西区",28/02/07
"日岡古墳","史跡","福岡県吉井町",28/02/07
"旧亀石坊庭園","名勝","福岡県添田町",28/02/07
"立花山クスノキ原始林","特別天然記念物","福岡県新宮町・久山町",28/02/07
"清水寺本坊庭園","名勝","福岡県瀬高町",29/04/02
"元冦防塁","史跡","福岡県福岡市",31/03/30
"御塚・権現塚古墳","史跡","福岡県久留米市",31/10/21
"雷山神籠石","史跡","福岡県前原市",32/03/25
"大野城跡","特別史跡","福岡県太宰府市・宇美町・大野城市",32/07/23
"古月横穴","史跡","福岡県鞍手町",32/10/29
"長垂の含紅雲母ペグマタイト岩脈","天然記念物","福岡県福岡市西区",34/01/22
"名島の檣石","天然記念物","福岡県福岡市東区",34/05/01
"隠家森","天然記念物","福岡県朝倉町",34/12/28
"鎮西村のカツラ","天然記念物","福岡県飯塚市",34/12/28
"太宰府神社のヒロハチシャノキ","天然記念物","福岡県太宰府市",35/06/07
"千仏鍾乳洞","天然記念物","福岡県北九州市小倉南区",35/12/24
"御所山古墳","史跡","福岡県苅田町",36/09/03
"王塚古墳","特別史跡","福岡県桂川町",37/06/15
"怡土城跡","史跡","福岡県前原市",38/08/08
"穴ヶ葉山古墳","史跡","福岡県大平村",39/09/07
"塔原塔跡","史跡","福岡県筑紫野市",39/09/07
"船小屋ゲンジボタル発生地","天然記念物","福岡県瀬高町・筑後市",41/03/27
"大分廃寺塔跡","史跡","福岡県筑穂町",41/12/13
"高山彦九郎墓","史跡","福岡県久留米市",42/07/21
"下馬場古墳","史跡","福岡県久留米市",44/11/07
"鹿毛馬神籠石","史跡","福岡県頴田町",45/02/22
"五郎山古墳","史跡","福岡県筑紫野市",49/07/13
"浦山古墳","史跡","福岡県久留米市",51/06/09
"平尾台","天然記念物","福岡県北九州市小倉南区",52/11/22
"屋形古墳群　珍敷古墳　鳥船塚古墳　古畑古墳　原古墳","史跡","福岡県吉井町",53/03/31
"女山神籠石","史跡","福岡県瀬高町",53/11/14
"高良山神籠石","史跡","福岡県久留米市",53/11/14
"御所ヶ谷神籠石","史跡","福岡県行橋市・勝山町・犀川町",53/11/14
"志登支石墓群","史跡","福岡県前原市",54/03/20
"竹原古墳","史跡","福岡県若宮町",57/02/22
"夜宮の大珪化木","天然記念物","福岡県北九州市戸畑区",57/02/22
"福岡城跡","史跡","福岡県福岡市中央区",57/08/29
"銚子塚古墳","史跡","福岡県二丈町",57/08/29
"萩ノ尾古墳","史跡","福岡県大牟田市",61/04/05
"青竜窟","天然記念物","福岡県苅田町",62/01/26
"芥屋の大門","天然記念物","福岡県志摩町",66/03/03
"大塚古墳","史跡","福岡県福岡市西区",67/12/15
"寺徳古墳","史跡","福岡県田主丸町",68/06/11
"聖福寺境内","史跡","福岡県福岡市博多区",69/11/07
"橘塚古墳","史跡","福岡県勝山町",70/06/26
"大宰府学校院跡","史跡","福岡県太宰府市",70/09/21
"観世音寺境内および子院跡","史跡","福岡県太宰府市",70/09/21
"宗像神社境内","史跡","福岡県玄海町・大島村",71/04/22
"小郡官衙遺跡","史跡","福岡県小郡市",71/12/23
"金隈遺跡","史跡","福岡県福岡市博多区",72/05/17
"杷木神籠石","史跡","福岡県杷木町",72/12/09
"綾塚古墳","史跡","福岡県勝山町",73/04/14
"新舟小屋のクスノキ林","天然記念物","福岡県瀬高町",74/06/18
"高良山のモウソウキンメイチク林","天然記念物","福岡県久留米市",74/11/25
"焼ノ峠古墳","史跡","福岡県夜須町",75/02/13
"光正寺古墳","史跡","福岡県宇美町",75/06/26
"七夕池古墳","史跡","福岡県志免町",75/06/26
"野方遺跡","史跡","福岡県福岡市西区",75/06/27
"石神山古墳","史跡","福岡県高田町",76/02/06
"日拝塚古墳","史跡","福岡県春日市",76/02/24
"桜京古墳","史跡","福岡県玄海町",76/03/31
"板付遺跡","史跡","福岡県福岡市博多区",76/06/21
"豊前国分寺跡","史跡","福岡県豊津町",76/07/15
"潜塚古墳","史跡","福岡県大牟田市",77/02/17
"八女古墳群　乗場古墳　石人山古墳　岩戸山古墳　善蔵寺古墳　弘化谷古墳　丸山塚古墳　丸山古墳　茶臼塚古墳","史跡","福岡県八女市・広川町・筑後市",78/03/24
"仙道古墳","史跡","福岡県三輪町",78/05/06
"戸島氏庭園","名勝","福岡県柳川市",78/08/25
"松濤園","名勝","福岡県柳川市",78/08/25
"藤江氏魚楽園","名勝","福岡県川崎町",78/09/18
"小田茶臼塚古墳","史跡","福岡県甘木市",79/09/04
"安国寺甕棺墓群","史跡","福岡県久留米市",80/11/26
"釜塚古墳","史跡","福岡県前原市",82/05/07
"曽根遺跡群　平原遺跡　ワレ塚古墳　　銭瓶塚古墳　狐塚古墳","史跡","福岡県前原市",82/10/04
"石塚山古墳","史跡","福岡県苅田町",85/01/31
"岡本遺跡","史跡","福岡県春日市",86/06/24
"堀川用水及び朝倉揚水車","史跡","福岡県朝倉町",90/07/04
"吉武高木遺跡","史跡","福岡県福岡市",93/10/14
"今山遺跡","史跡","福岡県福岡市西区",93/11/12
"平塚川添遺跡","史跡","福岡県甘木市",94/05/19
"筑後国府跡","史跡","福岡県久留米市",96/03/26
"水縄断層","天然記念物","福岡県久留米市",97/07/28
"下高橋官衙遺跡","史跡","福岡県大刀洗町",98/01/16
"大ノ瀬官衙遺跡","史跡","福岡県新吉富村",98/12/08
"船迫窯跡","史跡","福岡県築城町",99/01/28
"新町支石墓群","史跡","福岡県志摩町",00/09/06
"老司古墳","史跡","福岡県福岡市南区",00/12/20
"相島積石塚群","史跡","福岡県新宮町",01/08/07
"比恵遺跡","史跡","福岡県福岡市博多区",01/08/13
"鍬崎古墳","史跡","福岡県福岡市西区",01/08/13
"求菩提山","史跡","福岡県豊前市",01/08/13
"多久聖廟","史跡","佐賀県多久市",21/03/03
"川古のクス","天然記念物","佐賀県武雄市",24/12/09
"広沢寺のソテツ","天然記念物","佐賀県鎮西町",24/12/09
"屋形石の七ツ釜","天然記念物","佐賀県唐津市",25/10/08
"有田のイチョウ","天然記念物","佐賀県有田町",26/10/20
"嬉野の大チャノキ","天然記念物","佐賀県嬉野町",26/10/20
"虹の松原","特別名勝","佐賀県唐津市・浜玉町",26/10/27
"名護屋城跡並陣跡","特別史跡","佐賀県鎮西町・呼子町",26/11/04
"田代太田古墳","史跡","佐賀県鳥栖市",26/11/04
"黒髪山カネコシダ自生地","天然記念物","佐賀県山内町",27/04/08
"高串アコウ自生北限地帯","天然記念物","佐賀県肥前町",28/01/18
"肥前陶器窯跡　小峠窯跡　大谷窯跡　錆谷窯跡附土師場物原山","史跡","佐賀県武雄市",40/02/10
"谷口古墳","史跡","佐賀県浜玉町",41/12/13
"帯隈山神篭石","史跡","佐賀県佐賀市・神埼町",51/06/09
"横田下古墳","史跡","佐賀県浜玉町",51/06/09
"千石山サザンカ自生北限地帯","天然記念物","佐賀県東脊振村",57/07/02
"下合瀬の大カツラ","天然記念物","佐賀県富士町",62/05/16
"大隈重信旧宅","史跡","佐賀県佐賀市",65/06/04
"おつぼ山神籠石","史跡","佐賀県武雄市",66/06/21
"葉山尻支石墓群","史跡","佐賀県唐津市",66/12/19
"土生遺跡","史跡","佐賀県三日月町",73/06/02
"西隈古墳","史跡","佐賀県佐賀市",75/06/26
"銚子塚古墳","史跡","佐賀県佐賀市",78/03/11
"肥前磁器窯跡　天狗谷窯跡　山辺田窯跡　原明窯跡　百間窯跡　泉山磁石場跡　不動山窯跡","史跡","佐賀県有田町・西有田町・山内町",80/03/24
"安永田遺跡","史跡","佐賀県鳥栖市",82/12/18
"菜畑遺跡","史跡","佐賀県唐津市",83/05/11
"肥前国庁跡","史跡","佐賀県大和町",89/09/22
"柿右衛門窯跡","史跡","佐賀県有田町",89/09/22
"吉野ヶ里遺跡","特別史跡","佐賀県神埼町",90/05/19
"九年庵(旧伊丹氏別邸)庭園","名勝","佐賀県神埼町",95/02/21
"高島秋帆旧宅","史跡","長崎県長崎市",22/10/12
"平戸和蘭商館跡","史跡","長崎県平戸市",22/10/12
"出島和蘭商館跡","史跡","長崎県長崎市",22/10/12
"シーボルト宅跡","史跡","長崎県長崎市",22/10/12
"オオウナギ生息地","天然記念物","長崎県野母崎町",23/03/07
"竜良山原始林","天然記念物","長崎県厳原町",23/03/07
"洲藻白岳原始林","天然記念物","長崎県美津島町",23/03/07
"鰐浦ヒトツバタゴ自生地","天然記念物","長崎県上対馬町",28/01/18
"温泉岳","特別名勝","長崎県南高来郡",28/03/31
"地獄地帯シロドウダン群落","天然記念物","長崎県小浜町",28/03/31
"野岳イヌツゲ群落","天然記念物","長崎県小浜町",28/03/31
"普賢岳紅葉樹林","天然記念物","長崎県小浜町",28/03/31
"原生沼沼野植物群落","天然記念物","長崎県小浜町",28/03/31
"池の原ミヤマキリシマ群落","天然記念物","長崎県小浜町",28/03/31
"岩戸山樹叢","天然記念物","長崎県加津佐町",28/03/31
"旧島原藩薬園跡","史跡","長崎県島原市",29/04/02
"七釜鍾乳洞","天然記念物","長崎県西海町",36/12/16
"原城跡","史跡","長崎県南有馬町",38/05/30
"キイレツチトリモチ自生北限地","天然記念物","長崎県長崎市",51/06/09
"諫早市城山暖地性樹叢","天然記念物","長崎県諫早市",51/06/09
"小長井のオガタマノキ","天然記念物","長崎県小長井町",51/06/09
"多良岳ツクシシャクナゲ群叢","天然記念物","長崎県高来町",51/06/09
"黒子島原始林","天然記念物","長崎県平戸市",51/06/09
"御橋観音シダ植物群落","天然記念物","長崎県吉井町",51/06/09
"斑島玉石甌穴","天然記念物","長崎県小値賀町",58/03/13
"奈留島権現山樹叢","天然記念物","長崎県奈留町",58/11/11
"吉利支丹墓碑","史跡","長崎県西有家町",59/07/24
"奈良尾のアコウ","天然記念物","長崎県奈良尾町",61/04/27
"土黒川のオキチモズク発生地","天然記念物","長崎県国見町",61/05/01
"辰の島海浜植物群落","天然記念物","長崎県勝本町",67/02/17
"大村神社のオオムラザクラ","天然記念物","長崎県大村市",67/05/02
"小菅修船場跡","史跡","長崎県長崎市",69/04/12
"男女群島","天然記念物","長崎県福江市",69/08/18
"御岳鳥類繁殖地","天然記念物","長崎県上県町",72/06/20
"原山支石墓群","史跡","長崎県北有馬町",72/11/06
"女夫木の大スギ","天然記念物","長崎県諫早市",75/06/26
"根曽古墳群","史跡","長崎県美津島町",76/02/24
"阿値賀島","天然記念物","長崎県平戸市",76/09/17
"矢立山古墳","史跡","長崎県厳原町",76/12/27
"旧円融寺庭園","名勝","長崎県大村市",76/12/27
"塔の首遺跡","史跡","長崎県上対馬町",77/02/17
"福井洞窟","史跡","長崎県吉井町",78/08/02
"曲崎古墳群","史跡","長崎県長崎市",78/12/21
"大村のイチイガシ天然林","天然記念物","長崎県大村市",81/01/24
"ホゲット石鍋製作遺跡","史跡","長崎県大瀬戸町",81/09/08
"金田城跡","特別史跡","長崎県美津島町",82/03/23
"日野江城跡","史跡","長崎県北有馬町",82/07/03
"清水山城跡","史跡","長崎県厳原町",84/12/06
"対馬藩主宗家墓所","史跡","長崎県厳原町",85/02/18
"大野台支石墓群","史跡","長崎県鹿町町",85/05/14
"長崎台場跡・魚見岳台場跡","史跡","長崎県長崎市",86/01/31
"泉福寺洞窟","史跡","長崎県佐世保市",86/03/07
"石田城五島氏庭園","名勝","長崎県福江市",91/11/16
"金石城跡","史跡","長崎県厳原町",95/03/28
"原の辻遺跡","史跡","長崎県芦辺町・石田町",97/09/02
"肥前波佐見陶磁器窯跡","史跡","長崎県波佐見町",00/09/06
"千金甲古墳(甲号)","史跡","熊本県熊本市",21/03/03
"千金甲古墳(乙号)","史跡","熊本県熊本市",21/03/03
"井寺古墳","史跡","熊本県嘉島町",21/03/03
"釜尾古墳","史跡","熊本県北部町",21/03/03
"大村横穴群","史跡","熊本県人吉市",21/03/03
"石貫穴観音横穴","史跡","熊本県玉名市",21/03/03
"石貫ナギノ横穴群","史跡","熊本県玉名市",21/03/03
"チブサン・オブサン古墳","史跡","熊本県山鹿市",22/10/12
"鍋田横穴","史跡","熊本県山鹿市",22/10/12
"藤崎台のクスノキ群","天然記念物","熊本県熊本市",24/12/09
"スイゼンジノリ発生地","天然記念物","熊本県熊本市",24/12/09
"立田山ヤエクチナシ自生地","天然記念物","熊本県熊本市",29/04/02
"水前寺成趣園","名勝・史跡","熊本県熊本市",29/12/17
"熊本城跡","特別史跡","熊本県熊本市",33/02/28
"大野下の大ソテツ","天然記念物","熊本県岱明町",34/12/28
"阿弥陀のスギ","天然記念物","熊本県小国町",34/12/28
"下の城のイチョウ","天然記念物","熊本県小国町",34/12/28
"麻生原のキンモクセイ","天然記念物","熊本県甲佐町",34/12/28
"千厳山および高舞登山","名勝","熊本県松島町",35/06/07
"六郎次山","名勝","熊本県牛深市・河浦町",35/06/07
"竹の熊の大ケヤキ","天然記念物","熊本県南小国町",35/06/07
"妙見浦","名勝・天然記念物","熊本県天草町",35/08/27
"竜仙島(片島)","天然記念物・名勝","熊本県牛深市",35/08/27
"竜ヶ岳","名勝","熊本県龍ヶ岳町",36/09/03
"富岡吉利支丹供養碑","史跡","熊本県苓北町",37/06/15
"下田のイチョウ","天然記念物","熊本県城南町",37/12/31
"妙見の大ケヤキ","天然記念物","熊本県矢部町",38/05/30
"相良のアイラトビカズラ","特別天然記念物","熊本県菊鹿町",40/08/30
"江田穴観音古墳","史跡","熊本県菊水町",44/11/13
"江田船山古墳附塚坊主古墳・虚空蔵塚古墳","史跡","熊本県菊水町",51/06/09
"弁慶ヶ穴古墳","史跡","熊本県山鹿市",56/12/28
"岩原古墳群","史跡","熊本県鹿央町",58/01/29
"志津川のオキチモズク発生地","天然記念物","熊本県南小国町",59/07/01
"金比羅スギ","天然記念物","熊本県南小国町",59/07/24
"菊池川のチスジノリ発生地","天然記念物","熊本県山鹿市",59/10/10
"人吉城跡","史跡","熊本県人吉市",61/09/02
"阿蘇北向谷原始林","天然記念物","熊本県大津町",69/08/22
"御領貝塚","史跡","熊本県城南町",70/03/09
"二子山石器製作遺跡","史跡","熊本県西合志町",72/03/22
"塚原古墳群","史跡","熊本県城南町",76/12/27
"大坊古墳","史跡","熊本県玉名市",77/02/17
"宇土城跡","史跡","熊本県宇土市",79/03/12
"小田良古墳","史跡","熊本県三角町",79/10/23
"阿高・黒橋貝塚","史跡","熊本県城南町",80/08/20
"方保田東原遺跡","史跡","熊本県山鹿市",85/02/19
"永安寺東古墳・永安寺西古墳","史跡","熊本県玉名市",92/12/15
"熊本藩主細川家墓所","史跡","熊本県熊本市",95/11/28
"池辺寺跡","史跡","熊本県熊本市",97/09/11
"柞原八幡宮のクス","天然記念物","大分県大分市",22/03/08
"小半鍾乳洞","天然記念物","大分県本匠村",22/03/08
"耶馬渓","名勝","大分県日田市・他",23/03/07
"松屋寺のソテツ","天然記念物","大分県日出町",24/12/09
"風連洞窟","天然記念物","大分県野津町",27/04/08
"オオサンショウウオ生息地","天然記念物","大分県院内町・湯布院町",27/04/08
"咸宜園跡","史跡","大分県日田市",32/07/23
"穴観音古墳","史跡","大分県日田市",33/02/28
"豊後国分寺跡","史跡","大分県大分市",33/02/28
"臼杵磨崖仏附日吉塔・嘉応二年在銘五輪塔及び承安二年在銘五輪塔","特別史跡","大分県臼杵市",34/01/22
"大分元町石仏","史跡","大分県大分市",34/01/22
"犬飼石仏","史跡","大分県犬飼町",34/01/22
"菅尾石仏","史跡","大分県三重町",34/01/22
"高瀬石仏","史跡","大分県大分市",34/01/22
"緒方宮迫東石仏","史跡","大分県緒方町",34/01/22
"緒方宮迫西石仏","史跡","大分県緒方町",34/01/22
"千代丸古墳","史跡","大分県大分市",34/05/01
"大杵社の大スギ","天然記念物","大分県湯布院町",34/08/09
"狩生鍾乳洞","天然記念物","大分県佐伯市",34/12/28
"大岩扇山","天然記念物","大分県玖珠町",35/06/07
"耶馬渓猿飛の甌穴群","天然記念物","大分県山国町",35/06/07
"築山古墳","史跡","大分県佐賀関町",36/09/03
"岡城跡","史跡","大分県竹田市",36/12/16
"尾崎小ミカン先祖木","天然記念物","大分県津久見市",37/06/15
"旧竹田荘附田能村竹田墓","史跡","大分県竹田市",48/01/14
"広瀬淡窓墓","史跡","大分県日田市",48/01/14
"高崎山のサル生息地","天然記念物","大分県大分市",53/11/14
"熊野磨崖仏附元宮磨崖仏及び鍋山磨崖仏","史跡","大分県豊後高田市",55/02/15
"下山古墳","史跡","大分県臼杵市",57/07/10
"鬼ノ岩屋古墳","史跡","大分県別府市",57/11/28
"葛＊原古墳","史跡","大分県宇佐市",57/11/28
"四日市横穴群","史跡","大分県宇佐市",57/11/28
"鬼塚古墳","史跡","大分県国見町",57/11/28
"法恩寺山古墳群","史跡","大分県日田市",59/05/13
"三浦梅園旧宅","史跡","大分県安岐町",59/05/13
"七ツ森古墳","史跡","大分県竹田市",59/05/13
"大船山のミヤマキリシマ群落","天然記念物","大分県久住町",61/09/02
"九重山のコケモモ群落","天然記念物","大分県久住町・九重町",62/01/26
"福沢諭吉旧居","史跡","大分県中津市",71/06/22
"宇佐神宮社叢","天然記念物","大分県宇佐市",77/04/12
"堅田郷八幡社のハナガガシ林","天然記念物","大分県佐伯市",78/03/11
"法鏡寺廃寺跡","史跡","大分県宇佐市",78/03/14
"川部・高森古墳群","史跡","大分県宇佐市",80/03/24
"岩戸遺跡","史跡","大分県清川村",81/03/31
"古宮古墳","史跡","大分県大分市",83/05/11
"宇佐神宮境内","史跡","大分県宇佐市",86/02/25
"安国寺集落遺跡","史跡","大分県国東町",92/04/03
"ガランドヤ古墳","史跡","大分県日田市",93/10/13
"亀塚古墳","史跡","大分県大分市",96/03/28
"小迫辻原遺跡","史跡","大分県日田市",96/10/31
"岡藩主中川家墓所","史跡","大分県竹田市・緒方町・久住町",97/09/02
"大友氏館跡","史跡","大分県大分市",01/08/13
"青島亜熱帯性植物群落","特別天然記念物","宮崎県宮崎市",21/03/03
"都井岬ソテツ自生地","特別天然記念物","宮崎県串間市",21/03/03
"狭野のスギ並木","天然記念物","宮崎県高原町",24/12/09
"関の尾の甌穴","天然記念物","宮崎県関之尾町",28/02/18
"高島のビロウ自生地","天然記念物","宮崎県北浦町",30/02/28
"古江のキンモクセイ","天然記念物","宮崎県北浦町",30/04/25
"宗麟原供養塔","史跡","宮崎県川南町",33/02/28
"柘の滝鍾乳洞","天然記念物","宮崎県高千穂町",33/02/28
"七折鍾乳洞","天然記念物","宮崎県日之影町",33/02/28
"妙国寺庭園","名勝","宮崎県日向市",33/04/13
"幸嶋サル生息地","天然記念物","宮崎県串間市",34/01/22
"千畑古墳","史跡","宮崎県西都市",34/05/01
"西都原古墳群","特別史跡","宮崎県西都市",34/05/01
"狭野神社ブッポウソウ繁殖地","天然記念物","宮崎県高原町",34/05/01
"青島の隆起海床と奇形波蝕痕","天然記念物","宮崎県宮崎市",34/05/01
"中ノ尾供養碑","史跡","宮崎県日南市",34/08/09
"本庄古墳群","史跡","宮崎県国富町",34/08/09
"五箇瀬川峡谷(高千穂峡谷)","名勝・天然記念物","宮崎県高千穂町",34/11/10
"八村スギ","天然記念物","宮崎県椎葉村",35/06/07
"今町一里塚","史跡","宮崎県都城市",35/12/24
"湯ノ宮の座論梅","天然記念物","宮崎県新富町",35/12/24
"高岡の月知梅","天然記念物","宮崎県高岡町",35/12/24
"去川のイチョウ","天然記念物","宮崎県高岡町",35/12/24
"比叡山および矢筈岳","名勝","宮崎県北方町・日之影町",39/09/07
"内海のヤッコソウ発生地","特別天然記念物","宮崎県宮崎市",41/08/01
"内海のアコウ","天然記念物","宮崎県宮崎市",41/10/03
"生目古墳群","史跡","宮崎県宮崎市",43/09/08
"南方古墳群","史跡","宮崎県延岡市",43/09/08
"松本塚古墳","史跡","宮崎県西都市",44/03/07
"尾鈴山瀑布群","名勝","宮崎県都農町",44/03/07
"新田原古墳群","史跡","宮崎県新富町",44/11/13
"宮崎神社のオオシラフジ","天然記念物","宮崎県宮崎市",51/06/09
"高鍋のクス","天然記念物","宮崎県高鍋町",51/06/09
"清武の大クス","天然記念物","宮崎県清武町",51/06/09
"瓜生野八幡のクスノキ群","天然記念物","宮崎県宮崎市",51/06/09
"妻のクス","天然記念物","宮崎県西都市",51/06/09
"上穂北のクス","天然記念物","宮崎県西都市",51/06/09
"石波の海岸樹林","天然記念物","宮崎県串間市",51/06/09
"東郷のクス","天然記念物","宮崎県日南市",51/06/09
"虚空蔵島の亜熱帯林","天然記念物","宮崎県南郷町",51/06/09
"田原のイチョウ","天然記念物","宮崎県高千穂町",51/06/09
"下野八幡宮のケヤキ","天然記念物","宮崎県高千穂町",51/06/09
"下野八幡宮のイチョウ","天然記念物","宮崎県高千穂町",51/06/09
"岬馬およびその繁殖地","天然記念物","宮崎県串間市",53/11/14
"持田古墳群","史跡","宮崎県高鍋町",61/02/25
"川南古墳群","史跡","宮崎県川南町",61/02/25
"甑岳針葉樹林","天然記念物","宮崎県えびの市",69/08/22
"双石山","天然記念物","宮崎県宮崎市",69/08/22
"祝子川モウソウキンメイ竹林","天然記念物","宮崎県北川町",70/08/11
"蓮ヶ池横穴群","史跡","宮崎県宮崎市",71/07/17
"茶臼原古墳群","史跡","宮崎県西都市",71/08/18
"川南湿原植物群落","天然記念物","宮崎県川南町",74/06/11
"竹野のホルトノキ","天然記念物","宮崎県綾町",77/02/17
"安井息軒旧宅","史跡","宮崎県清武町",79/05/22
"常心塚古墳","史跡","宮崎県西都市",80/03/24
"大久保の大ヒノキ","天然記念物","宮崎県椎葉村",94/03/02
"都於郡城跡","史跡","宮崎県西都市",00/09/06
"隼人塚","史跡","鹿児島県隼人町",21/03/03
"大隅国分寺跡","史跡","鹿児島県国分市",21/03/03
"キイレツチトリモチ産地","天然記念物","鹿児島県鹿児島市",21/03/03
"鹿児島県のツルおよびその渡来地","特別天然記念物","鹿児島県出水市・高尾野町・野田町",21/03/03
"喜入のリュウキュウコウガイ産地","特別天然記念物","鹿児島県喜入町",21/03/03
"藺牟田池の泥炭形成植物群落","天然記念物","鹿児島県祁答院町",21/03/03
"枇榔島亜熱帯性植物群落","特別天然記念物","鹿児島県志布志町",21/03/03
"ヤッコソウ発生地","天然記念物","鹿児島県東市来町",22/03/08
"蒲生のクス","特別天然記念物","鹿児島県蒲生町",22/03/08
"鹿児島県のソテツ自生地","特別天然記念物","鹿児島県山川町・坊津町・佐多町・内之浦町",23/03/07
"ヒガンザクラ自生南限地","天然記念物","鹿児島県吉松町",23/03/07
"指宿橋牟礼川遺跡","史跡","鹿児島県指宿市",24/12/09
"屋久島スギ原始林","特別天然記念物","鹿児島県上屋久町・屋久町",24/12/09
"川内川のチスジノリ発生地","天然記念物","鹿児島県菱刈町",24/12/09
"城山","天然記念物・史跡","鹿児島県鹿児島市",31/06/03
"佐多旧薬園","史跡","鹿児島県佐多町",32/10/19
"唐仁古墳群","史跡","鹿児島県東串良町",34/01/22
"桂菴墓","史跡","鹿児島県鹿児島市",36/09/03
"南浦文之墓","史跡","鹿児島県加治木町",36/09/03
"栗野町ハナショウブ自生南限地帯","天然記念物","鹿児島県栗野町",38/12/14
"塚崎のクス","天然記念物","鹿児島県高山町",40/02/10
"藤川天神の臥竜梅","天然記念物","鹿児島県東郷町",41/10/03
"志布志の大クス","天然記念物","鹿児島県志布志町",41/11/13
"横瀬古墳","史跡","鹿児島県大崎町",43/09/08
"薩摩国分寺跡","史跡","鹿児島県川内市",44/11/13
"永利のオガタマノキ","天然記念物","鹿児島県川内市",44/11/13
"塚崎古墳群","史跡","鹿児島県高山町",45/02/22
"高山城跡","史跡","鹿児島県高山町",45/02/22
"仙巌園附花倉御仮屋庭園","名勝","鹿児島県鹿児島市",58/05/15
"旧集成館","史跡","鹿児島県鹿児島市",59/02/25
"鹿児島紡績所技師館(異人館)","史跡","鹿児島県鹿児島市",59/02/25
"稲尾岳","天然記念物","鹿児島県佐多町・田代町・内之浦町",67/07/06
"神屋・湯湾岳","天然記念物","鹿児島県住用村・宇検村・大和村",68/11/08
"知覧麓庭園","名勝","鹿児島県知覧町",81/02/23
"宇宿貝塚","史跡","鹿児島県笠利町",86/10/07
"知覧城跡","史跡","鹿児島県知覧町",93/05/07
"栫ノ原遺跡","史跡","鹿児島県加世田市",97/03/11
"上野原遺跡","史跡","鹿児島県国分市",99/01/14
"坊津","名勝","鹿児島県坊津町",01/01/29
"宇佐浜遺跡","史跡","沖縄県国頭村",72/05/15
"今帰仁城跡","史跡","沖縄県今帰仁村",72/05/15
"伊波貝塚","史跡","沖縄県石川市",72/05/15
"座喜味城跡","史跡","沖縄県読谷村",72/05/15
"安慶名城跡","史跡","沖縄県具志川市",72/05/15
"勝連城跡","史跡","沖縄県勝連村",72/05/15
"荻堂貝塚","史跡","沖縄県北中城村",72/05/15
"中城城跡","史跡","沖縄県北中城村・中城村",72/05/15
"大山貝塚","史跡","沖縄県宜野湾市",72/05/15
"首里城跡","史跡","沖縄県那覇市",72/05/15
"円覚寺跡","史跡","沖縄県那覇市",72/05/15
"玉陵","史跡","沖縄県那覇市",72/05/15
"末吉宮跡","史跡","沖縄県那覇市",72/05/15
"斎場御嶽","史跡","沖縄県知念村",72/05/15
"知念城跡","史跡","沖縄県知念村",72/05/15
"糸数城跡","史跡","沖縄県玉城村",72/05/15
"具志川城跡","史跡","沖縄県糸満市",72/05/15
"川平貝塚","史跡","沖縄県石垣市",72/05/15
"宮良殿内庭園","名勝","沖縄県石垣市",72/05/15
"安波のタナガーグムイの植物群落","天然記念物","沖縄県国頭村",72/05/15
"与那覇岳天然保護区域","天然記念物","沖縄県国頭村",72/05/15
"田港御願の植物群落","天然記念物","沖縄県大宜味村",72/05/15
"慶佐次湾のヒルギ林","天然記念物","沖縄県東村",72/05/15
"諸志御嶽の植物群落","天然記念物","沖縄県今帰仁村",72/05/15
"塩川","天然記念物","沖縄県本部町",72/05/15
"識名園のシマチスジノリ発生地","天然記念物","沖縄県那覇市",72/05/15
"首里金城の大アカギ","天然記念物","沖縄県那覇市",72/05/15
"ケラマジカおよびその生息地","天然記念物","沖縄県座間味村",72/05/15
"平久保のヤエヤマシタン","天然記念物","沖縄県石垣市",72/05/15
"米原のヤエヤマヤシ群落","天然記念物","沖縄県石垣市",72/05/15
"荒川のカンヒザクラ自生地","天然記念物","沖縄県石垣市",72/05/15
"宮良川のヒルギ林","天然記念物","沖縄県石垣市",72/05/15
"星立天然保護区域","天然記念物","沖縄県竹富町",72/05/15
"船浦のニッパヤシ群落","天然記念物","沖縄県竹富町",72/05/15
"仲間川天然保護区域","天然記念物","沖縄県竹富町",72/05/15
"仲の神島海鳥繁殖地","天然記念物","沖縄県竹富町",72/05/15
"ウブンドルのヤエヤマヤシ群落","天然記念物","沖縄県竹富町",72/05/15
"長幕崖壁及び崖錐の特殊植物群落","天然記念物","沖縄県北大東村",75/03/18
"南大東島東海岸植物群落","天然記念物","沖縄県南大東村",75/03/18
"大池のオヒルギ群落","天然記念物","沖縄県南大東村",75/03/18
"仲泊遺跡","史跡","沖縄県恩納村",75/04/07
"具志川城跡","史跡","沖縄県具志川村",75/12/10
"識名園","特別名勝","沖縄県那覇市",76/01/30
"フルスト原遺跡","史跡","沖縄県石垣市",78/03/03
"古見のサキシマスオウノキ群落","天然記念物","沖縄県竹富町",78/03/22
"木綿原遺跡","史跡","沖縄県読谷村",78/11/15
"石垣氏庭園","名勝","沖縄県石垣市",83/10/27
"具志原貝塚","史跡","沖縄県伊江村",86/06/09
"伊江殿内庭園","名勝","沖縄県那覇市",86/06/16
"仲原遺跡","史跡","沖縄県与那城村",86/08/16
"玉城城跡","史跡","沖縄県玉城村",87/08/21
"浦添城跡","史跡","沖縄県浦添市",89/08/11
"大和井","史跡","沖縄県平良市",92/12/18
"久米の五枝のマツ","天然記念物","沖縄県具志川村",97/07/28
"名護のひんぷんガジュマル","天然記念物","沖縄県名護市",97/09/02
"川平湾及び於茂登岳","名勝","沖縄県石垣市",97/09/11
"ハマナス自生南限地帯","天然記念物","鳥取県・茨城県",22/03/08
"白馬連山高山植物帯","特別天然記念物","長野県・新潟県・富山県",22/10/12
"ツバキ自生北限地帯","天然記念物","青森県・秋田県",22/10/12
"カササギ生息地","天然記念物","福岡県・佐賀県",23/03/07
"ヒトツバタゴ自生地","天然記念物","愛知県・岐阜県",23/03/07
"ノカイドウ自生地","天然記念物","鹿児島県・宮崎県",23/03/07
"エヒメアヤメ自生南限地帯","天然記念物","愛媛県・山口県・佐賀県・宮崎県",25/10/08
"ヘゴ自生南限地帯","天然記念物","東京都・長崎県・鹿児島県・宮崎県",26/10/27
"瀞八丁","特別名勝・天然記念物","和歌山県・三重県・奈良県",28/03/24
"十和田湖および奥入瀬渓流","特別名勝・天然記念物","青森県・秋田県",28/04/12
"比叡山鳥類繁殖地","天然記念物","京都府・滋賀県",30/10/03
"木曽川","名勝","岐阜県・愛知県",31/05/11
"延暦寺境内","史跡","滋賀県・京都府",34/03/13
"基肄(椽)城跡","特別史跡","佐賀県・福岡県",37/12/21
"鷹巣山","天然記念物","福岡県・大分県",41/08/01
"横山楡原衝上断層","天然記念物","富山県・岐阜県",41/10/03
"富士山","特別名勝","山梨県・静岡県",52/10/07
"尾瀬","特別天然記念物","福島県・群馬県・新潟県",56/08/09
"三波石峡","名勝・天然記念物","群馬県・埼玉県",57/07/03
"犬ヶ岳ツクシシャクナゲ自生地","天然記念物","福岡県・大分県",65/06/04
"近松門左衛門墓","史跡","大阪府・兵庫県",66/09/02
"歌姫瓦窯跡","史跡","奈良県・京都府",76/04/15
"イヌワシ繁殖地","天然記念物","岩手県・宮城県",76/12/22
"出羽仙台街道中山越","史跡","宮城県・山形県",90/02/22
"三嶺・天狗塚のミヤマクマザサ及びコメツツジ群落","天然記念物","徳島県・高知県",94/09/01
"朝鮮通信使遺跡　鞆福禅寺境内　牛窓本蓮寺境内　興津清見寺境内","史跡","広島県・岡山県・福岡県",94/10/11
"琵琶湖疏水","史跡","滋賀県・京都府",96/06/19
"石のカラト古墳","史跡","京都府・奈良県",96/07/16
"玄蕃尾城（内中尾山城）跡","史跡","福井県・滋賀県",99/07/13
"三井三池炭坑跡宮原坑跡・万田坑跡","史跡","福岡県・熊本県",00/01/19
"ルリカケス","天然記念物","鹿児島県",21/03/03
"アマミノクロウサギ","特別天然記念物","鹿児島県",21/03/03
"ライチョウ","特別天然記念物","富山県・長野県・岐阜県・新潟県・山梨県",23/03/07
"土佐のオナガドリ","特別天然記念物","高知県",23/03/07
"秋田犬","天然記念物","秋田県",31/07/31
"甲斐犬","天然記念物","山梨県",34/01/22
"カモシカ","特別天然記念物","２９都府県",34/05/01
"紀州犬","天然記念物","和歌山県・三重県",34/05/01
"トキ","特別天然記念物","新潟県",34/12/28
"越の犬","天然記念物","定めず",34/12/28
"タンチョウ","特別天然記念物","北海道",35/08/27
"東天紅鶏","天然記念物","高知県",36/09/03
"柴犬","天然記念物","岐阜県・富山県・長野県",36/12/16
"土佐犬","天然記念物","高知県",37/06/15
"鶉矮鶏","天然記念物","高知県",37/06/15
"蓑曳矮鶏","天然記念物","高知県",37/06/15
"北海道犬","天然記念物","北海道",37/12/21
"声良鶏","天然記念物","秋田県・青森県・岩手県",37/12/21
"蜀鶏","天然記念物","新潟県",39/09/07
"蓑曳鶏","天然記念物","愛知県・静岡県",40/08/30
"地鶏","天然記念物","三重県・岐阜県・高知県・岩手県",41/01/27
"小国鶏","天然記念物","京都府・三重県・滋賀県",41/01/27
"軍鶏","天然記念物","６都県",41/08/01
"矮鶏","天然記念物","８都県",41/08/01
"比内鶏","天然記念物","秋田県",42/07/21
"烏骨鶏","天然記念物","６都県",42/07/21
"河内奴鶏","天然記念物","三重県",43/08/24
"薩摩鶏","天然記念物","鹿児島県",43/08/24
"地頭鶏","天然記念物","鹿児島県",43/08/24
"オオサンショウウオ","特別天然記念物","８県",51/06/09
"黒柏鶏","天然記念物","島根県・山口県",51/06/09
"コウノトリ","特別天然記念物","兵庫県・福井県",53/03/31
"越ヶ谷のシラコバト","天然記念物","埼玉県",56/01/14
"奈良のシカ","天然記念物","奈良県",57/09/18
"アホウドリ","特別天然記念物","東京都・沖縄県",58/04/25
"カワウソ","特別天然記念物","愛媛県・高知県",64/06/27
"ウスバキチョウ","天然記念物","北海道",65/05/12
"ダイセツタカネヒカゲ","天然記念物","北海道",65/05/12
"アサヒヒョウモン","天然記念物","北海道",65/05/12
"クマゲラ","天然記念物","北海道・青森県・秋田県",65/05/12
"イヌワシ","天然記念物","北海道",65/05/12
"カラフトルリシジミ","天然記念物","北海道",67/05/02
"アカガシラカラスバト","天然記念物","東京都",69/04/12
"オガサワラオオコウモリ","天然記念物","東京都",69/04/12
"メグロ","特別天然記念物","東京都",69/04/12
"オガサワラシジミ","天然記念物","東京都",69/04/12
"シマアカネ","天然記念物","東京都",69/04/12
"オガサワラトンボ","天然記念物","東京都",69/04/12
"オガサワライトトンボ","天然記念物","東京都",69/04/12
"ハナダカトンボ","天然記念物","東京都",69/04/12
"オガサワラタマムシ","天然記念物","東京都",69/04/12
"オジロワシ","天然記念物","北海道",70/01/23
"オオワシ","天然記念物","北海道",70/01/23
"アカヒゲ","天然記念物","鹿児島県・沖縄県",70/01/23
"小笠原諸島産陸貝","天然記念物","東京都",70/11/12
"オガサワラセスジゲンゴロウ","天然記念物","東京都",70/11/12
"オガサワラアメンボ","天然記念物","東京都",70/11/12
"オガサワラクマバチ","天然記念物","東京都",70/11/12
"オガサワラゼミ","天然記念物","東京都",70/11/12
"カサガイ","天然記念物","東京都",70/11/12
"オカヤドカリ","天然記念物","東京都・沖縄県",70/11/12
"オーストンオオアカゲラ","天然記念物","鹿児島県",71/05/19
"エゾシマフクロウ","天然記念物","北海道",71/05/19
"オオトラツグミ","天然記念物","鹿児島県",71/05/19
"オガサワラノスリ","天然記念物","東京都",71/05/19
"カラスバト","天然記念物","三重県・和歌山県・長崎県・鹿児島県",71/05/19
"コクガン","天然記念物","北海道・青森県・秋田県",71/05/19
"ツシマヤマネコ","天然記念物","長崎県",71/05/19
"ヒシクイ","天然記念物","５道県",71/06/28
"マガン","天然記念物","５道県",71/06/28
"ツシマテン","天然記念物","長崎県",71/06/28
"ケナガネズミ","天然記念物","鹿児島県・沖縄県",72/05/15
"トゲネズミ","天然記念物","鹿児島県・沖縄県",72/05/15
"ノグチゲラ","特別天然記念物","沖縄県",72/05/15
"イリオモテヤマネコ","特別天然記念物","沖縄県",72/05/15
"セマルハコガメ","天然記念物","沖縄県",72/05/15
"リュウキュウキンバト","天然記念物","沖縄県",72/05/15
"ジュゴン","天然記念物","沖縄県",72/05/15
"カンムリワシ","特別天然記念物","沖縄県",72/05/15
"岩国のシロヘビ","天然記念物","山口県",72/08/04
"ダイトウオオコウモリ","天然記念物","沖縄県",73/06/02
"イタセンパラ","天然記念物","大阪府・愛知県・岐阜県",74/06/25
"ミヤコタナゴ","天然記念物","栃木県・埼玉県・千葉県",74/06/25
"ヒメチャマダラセセリ","天然記念物","北海道",75/02/13
"ゴイシツバメシジミ","天然記念物","熊本県",75/02/13
"アカコッコ","天然記念物","東京都・鹿児島県",75/02/13
"エラブオオコウモリ","天然記念物","鹿児島県",75/02/13
"ヤマネ","天然記念物","全国",75/06/26
"カンムリウミスズメ","天然記念物","５都県",75/06/26
"イイジマムシクイ","天然記念物","東京都・鹿児島県・沖縄県",75/06/26
"キシノウエトカゲ","天然記念物","沖縄県",75/06/26
"リュウキュウヤマガメ","天然記念物","沖縄県",75/06/26
"アユモドキ","天然記念物","滋賀県・岡山県",77/07/02
"ネコギギ","天然記念物","愛知県・三重県",77/07/02
"ヤンバルクイナ","天然記念物","沖縄県",82/12/18
"ヤンバルテナガコガネ","天然記念物","沖縄県",85/05/14
